firm_name,date_published,register_consulted,lookup_date,udyam_verified,iec_verified,cres_verified,manufacturer_vs_merchant
ALPHA MARINE,09/13/2017,"BSE/NSE, Udyam, DGFT IEC, Spices Board CRES (No Match)",2026-09-05,False,False,False,indeterminate
ALPHA MARINE LIMITED,11/12/2025,"BSE/NSE, Udyam, DGFT IEC, Spices Board CRES (No Match)",2026-09-05,False,False,False,manufacturer
ANJANEYA SEA FOODS,06/05/2018,"BSE/NSE, Udyam, DGFT IEC, Spices Board CRES (No Match)",2026-09-05,False,False,False,indeterminate
APEX FROZEN FOODS LIMITED,09/08/2020,BSE/NSE (Matched),2026-09-05,False,False,False,manufacturer
AQUATECH FEED & SEAFOODS PRIVATE LIMITED,04/06/2026,"BSE/NSE, Udyam, DGFT IEC, Spices Board CRES (No Match)",2026-09-05,False,False,False,manufacturer
AVANTI FROZEN FOODS PRIVATE LIMITED,03/04/2025,"BSE/NSE, Udyam, DGFT IEC, Spices Board CRES (No Match)",2026-09-05,False,False,False,manufacturer
Accelerated Freeze Drying Company Limited (Unit 2),01/18/2024,"BSE/NSE, Udyam, DGFT IEC, Spices Board CRES (No Match)",2026-09-05,False,False,False,manufacturer
Akshay Food Impex Pvt. Ltd.,05/30/2019,"BSE/NSE, Udyam, DGFT IEC, Spices Board CRES (No Match)",2026-09-05,False,False,False,manufacturer & merchant
Alashore Marine Exports,01/10/2017,"BSE/NSE, Udyam, DGFT IEC, Spices Board CRES (No Match)",2026-09-05,False,False,False,merchant exporter
Albys Agro Pvt. Ltd.,02/05/2021,"BSE/NSE, Udyam, DGFT IEC, Spices Board CRES (No Match)",2026-09-05,False,False,False,manufacturer
Allana Investments & Trading Co. (Factory Plant 208),09/18/2009,"BSE/NSE, Udyam, DGFT IEC, Spices Board CRES (No Match)",2026-09-05,False,False,False,merchant exporter
Amalgam Foods c/o M/s Kallinga Marine & Transport Pvt Ltd,09/18/2009,"BSE/NSE, Udyam, DGFT IEC, Spices Board CRES (No Match)",2026-09-05,False,False,False,manufacturer
Amison Foods Limited,08/30/2023,"BSE/NSE, Udyam, DGFT IEC, Spices Board CRES (No Match)",2026-09-05,False,False,False,manufacturer
Ananda Foods,09/18/2009,"BSE/NSE, Udyam, DGFT IEC, Spices Board CRES (No Match)",2026-09-05,False,False,False,indeterminate
Aparna Marine Exports,11/16/2023,"BSE/NSE, Udyam, DGFT IEC, Spices Board CRES (No Match)",2026-09-05,False,False,False,merchant exporter
Apex Frozen Foods Pvt Ltd,12/17/2012,"BSE/NSE, Udyam, DGFT IEC, Spices Board CRES (No Match)",2026-09-05,False,False,False,manufacturer
Aquatica Frozen Foods Global Pvt. Ltd.,05/03/2017,"BSE/NSE, Udyam, DGFT IEC, Spices Board CRES (No Match)",2026-09-05,False,False,False,manufacturer & merchant
Arya Sea Foods Private Limited,07/24/2017,"BSE/NSE, Udyam, DGFT IEC, Spices Board CRES (No Match)",2026-09-05,False,False,False,manufacturer
Asvini Fisheries,09/18/2009,"BSE/NSE, Udyam, DGFT IEC, Spices Board CRES (No Match)",2026-09-05,False,False,False,indeterminate
Asvini Fisheries Private Limited,01/17/2017,"BSE/NSE, Udyam, DGFT IEC, Spices Board CRES (No Match)",2026-09-05,False,False,False,manufacturer
Avanti Frozen Foods Private Limited,07/01/2016,"BSE/NSE, Udyam, DGFT IEC, Spices Board CRES (No Match)",2026-09-05,False,False,False,manufacturer
Avanti Frozen Foods Private Limited,01/17/2018,"BSE/NSE, Udyam, DGFT IEC, Spices Board CRES (No Match)",2026-09-05,False,False,False,manufacturer
Ayshwarya Sea Food Private Limited,09/18/2009,"BSE/NSE, Udyam, DGFT IEC, Spices Board CRES (No Match)",2026-09-05,False,False,False,manufacturer
B B Estates & Exports Pvt. Ltd,05/02/2018,"BSE/NSE, Udyam, DGFT IEC, Spices Board CRES (No Match)",2026-09-05,False,False,False,manufacturer & merchant
B-ONE BUSINESS HOUSE PVT. LTD.,05/23/2025,"BSE/NSE, Udyam, DGFT IEC, Spices Board CRES (No Match)",2026-09-05,False,False,False,manufacturer
B-ONE BUSINESS HOUSE PVT. LTD.,07/16/2019,"BSE/NSE, Udyam, DGFT IEC, Spices Board CRES (No Match)",2026-09-05,False,False,False,manufacturer
BABY MARINE PRODUCTS,09/18/2009,"BSE/NSE, Udyam, DGFT IEC, Spices Board CRES (No Match)",2026-09-05,False,False,False,indeterminate
BARAKA OVERSEAS TRADERS,09/18/2009,"BSE/NSE, Udyam, DGFT IEC, Spices Board CRES (No Match)",2026-09-05,False,False,False,merchant exporter
BASU INTERNATIONAL UNIT V,02/10/2025,"BSE/NSE, Udyam, DGFT IEC, Spices Board CRES (No Match)",2026-09-05,False,False,False,indeterminate
BMR Industries Private Limited,12/15/2015,"BSE/NSE, Udyam, DGFT IEC, Spices Board CRES (No Match)",2026-09-05,False,False,False,manufacturer
BRC MARINE PRODUCTS,11/10/2025,"BSE/NSE, Udyam, DGFT IEC, Spices Board CRES (No Match)",2026-09-05,False,False,False,indeterminate
Balaji Bio Tech Limited,09/18/2009,"BSE/NSE, Udyam, DGFT IEC, Spices Board CRES (No Match)",2026-09-05,False,False,False,manufacturer
Balaji Seafoods Exports (India) Ltd.,09/18/2009,"BSE/NSE, Udyam, DGFT IEC, Spices Board CRES (No Match)",2026-09-05,False,False,False,manufacturer & merchant
Bluepark Seafoods (PVT) Ltd.,10/23/2009,"BSE/NSE, Udyam, DGFT IEC, Spices Board CRES (No Match)",2026-09-05,False,False,False,manufacturer
Brilliant Exports,09/18/2009,"BSE/NSE, Udyam, DGFT IEC, Spices Board CRES (No Match)",2026-09-05,False,False,False,merchant exporter
CHOICE CANNING COMPANY,09/18/2009,"BSE/NSE, Udyam, DGFT IEC, Spices Board CRES (No Match)",2026-09-05,False,False,False,indeterminate
CORLIM MARINE EXPORTS PVT.LTD.,10/18/2019,"BSE/NSE, Udyam, DGFT IEC, Spices Board CRES (No Match)",2026-09-05,False,False,False,manufacturer & merchant
Calcutta Seafoods Pvt. Ltd,09/18/2009,"BSE/NSE, Udyam, DGFT IEC, Spices Board CRES (No Match)",2026-09-05,False,False,False,manufacturer
Capithan Exporting Company,05/10/2016,"BSE/NSE, Udyam, DGFT IEC, Spices Board CRES (No Match)",2026-09-05,False,False,False,merchant exporter
Castlerock Fisheries,06/28/2023,"BSE/NSE, Udyam, DGFT IEC, Spices Board CRES (No Match)",2026-09-05,False,False,False,indeterminate
Castlerock Fisheries Pvt Ltd.,09/18/2009,"BSE/NSE, Udyam, DGFT IEC, Spices Board CRES (No Match)",2026-09-05,False,False,False,manufacturer
Cham Ice and Cold Storage,09/18/2009,"BSE/NSE, Udyam, DGFT IEC, Spices Board CRES (No Match)",2026-09-05,False,False,False,indeterminate
Cherukattu Industries (Marine Division),09/18/2009,"BSE/NSE, Udyam, DGFT IEC, Spices Board CRES (No Match)",2026-09-05,False,False,False,manufacturer
Choice Canning Company Unit III,05/02/2023,"BSE/NSE, Udyam, DGFT IEC, Spices Board CRES (No Match)",2026-09-05,False,False,False,indeterminate
Choice trading corporation PVT. LTD,04/11/2025,"BSE/NSE, Udyam, DGFT IEC, Spices Board CRES (No Match)",2026-09-05,False,False,False,manufacturer & merchant
Coastal Aqua Private Limited,07/21/2017,"BSE/NSE, Udyam, DGFT IEC, Spices Board CRES (No Match)",2026-09-05,False,False,False,manufacturer
Coastal Corporation Limited - Unit 2,10/23/2013,"BSE/NSE, Udyam, DGFT IEC, Spices Board CRES (No Match)",2026-09-05,False,False,False,manufacturer
Coastal Corporation Ltd Unit III,07/24/2023,"BSE/NSE, Udyam, DGFT IEC, Spices Board CRES (No Match)",2026-09-05,False,False,False,manufacturer
Coastal Corporation Ltd.,07/18/2011,"BSE/NSE, Udyam, DGFT IEC, Spices Board CRES (No Match)",2026-09-05,False,False,False,manufacturer
Cochin Frozen Food Exports,09/18/2009,"BSE/NSE, Udyam, DGFT IEC, Spices Board CRES (No Match)",2026-09-05,False,False,False,merchant exporter
Cofoods Processors Private Limited,02/21/2023,"BSE/NSE, Udyam, DGFT IEC, Spices Board CRES (No Match)",2026-09-05,False,False,False,manufacturer
"Coir Trading C.,  Pvt Ltd",09/18/2009,"BSE/NSE, Udyam, DGFT IEC, Spices Board CRES (No Match)",2026-09-05,False,False,False,manufacturer & merchant
Crystal Sea Foods Private Limited,05/02/2018,"BSE/NSE, Udyam, DGFT IEC, Spices Board CRES (No Match)",2026-09-05,False,False,False,manufacturer
DEVI FISHERIES LIMITED,07/22/2025,"BSE/NSE, Udyam, DGFT IEC, Spices Board CRES (No Match)",2026-09-05,False,False,False,manufacturer
DWARAKA SEAFOODS,11/19/2024,"BSE/NSE, Udyam, DGFT IEC, Spices Board CRES (No Match)",2026-09-05,False,False,False,indeterminate
Devi Fisheries Limited,10/16/2018,"BSE/NSE, Udyam, DGFT IEC, Spices Board CRES (No Match)",2026-09-05,False,False,False,manufacturer
Devi Fisheries Limited - Unit 4,11/17/2021,"BSE/NSE, Udyam, DGFT IEC, Spices Board CRES (No Match)",2026-09-05,False,False,False,manufacturer
Devi Fisheries Limited II,12/02/2012,"BSE/NSE, Udyam, DGFT IEC, Spices Board CRES (No Match)",2026-09-05,False,False,False,manufacturer
Devi Fisheries Limited-Unit 3,09/18/2009,"BSE/NSE, Udyam, DGFT IEC, Spices Board CRES (No Match)",2026-09-05,False,False,False,manufacturer
Devi Marine Food Exports Ltd.,09/18/2009,"BSE/NSE, Udyam, DGFT IEC, Spices Board CRES (No Match)",2026-09-05,False,False,False,manufacturer & merchant
Devi Sea Foods Limited,03/14/2025,"BSE/NSE, Udyam, DGFT IEC, Spices Board CRES (No Match)",2026-09-05,False,False,False,manufacturer
Devi Sea Foods Limited,08/02/2023,"BSE/NSE, Udyam, DGFT IEC, Spices Board CRES (No Match)",2026-09-05,False,False,False,manufacturer
Devi Sea Foods Limited,09/18/2009,"BSE/NSE, Udyam, DGFT IEC, Spices Board CRES (No Match)",2026-09-05,False,False,False,manufacturer
Devi Seafoods Limited,09/18/2009,MPEDA Verified Seafood Exporter Registry (Matched),2026-09-05,False,False,False,manufacturer
Edhayam Frozen Foods PVT Ltd.,10/25/2024,"BSE/NSE, Udyam, DGFT IEC, Spices Board CRES (No Match)",2026-09-05,False,False,False,manufacturer
Elite Sea Foods,09/18/2009,"BSE/NSE, Udyam, DGFT IEC, Spices Board CRES (No Match)",2026-09-05,False,False,False,indeterminate
Excellent Fisheries Private Limited,04/08/2025,"BSE/NSE, Udyam, DGFT IEC, Spices Board CRES (No Match)",2026-09-05,False,False,False,manufacturer
FEDORA SEA FOODS PRIVATE LIMITED,08/25/2025,"BSE/NSE, Udyam, DGFT IEC, Spices Board CRES (No Match)",2026-09-05,False,False,False,manufacturer
Falcon Marine Exports Ltd.,02/01/2018,"BSE/NSE, Udyam, DGFT IEC, Spices Board CRES (No Match)",2026-09-05,False,False,False,manufacturer & merchant
Falcon Marine Exports Ltd.,04/08/2015,"BSE/NSE, Udyam, DGFT IEC, Spices Board CRES (No Match)",2026-09-05,False,False,False,manufacturer & merchant
Falcon Marine Exports Ltd.,08/10/2016,"BSE/NSE, Udyam, DGFT IEC, Spices Board CRES (No Match)",2026-09-05,False,False,False,manufacturer & merchant
Falcon Marine Exports Ltd.,11/18/2014,"BSE/NSE, Udyam, DGFT IEC, Spices Board CRES (No Match)",2026-09-05,False,False,False,manufacturer & merchant
Falcon Marine Exports Pvt. Ltd.,07/31/2020,"BSE/NSE, Udyam, DGFT IEC, Spices Board CRES (No Match)",2026-09-05,False,False,False,manufacturer & merchant
Fernando Intercontinental,09/18/2009,"BSE/NSE, Udyam, DGFT IEC, Spices Board CRES (No Match)",2026-09-05,False,False,False,indeterminate
Five Star Marine Exports Pvt. Limited,01/11/2016,"BSE/NSE, Udyam, DGFT IEC, Spices Board CRES (No Match)",2026-09-05,False,False,False,manufacturer & merchant
"Forstar Frozen Foods PVT LTD ,UNIT 2",09/18/2009,"BSE/NSE, Udyam, DGFT IEC, Spices Board CRES (No Match)",2026-09-05,False,False,False,manufacturer
GEO Seafoods,09/29/2009,"BSE/NSE, Udyam, DGFT IEC, Spices Board CRES (No Match)",2026-09-05,False,False,False,indeterminate
GKS Business Associates,09/18/2009,"BSE/NSE, Udyam, DGFT IEC, Spices Board CRES (No Match)",2026-09-05,False,False,False,indeterminate
Gadre Marine Export,11/19/2015,"BSE/NSE, Udyam, DGFT IEC, Spices Board CRES (No Match)",2026-09-05,False,False,False,merchant exporter
Geo Aquatic Products(P) Ltd.,09/18/2009,"BSE/NSE, Udyam, DGFT IEC, Spices Board CRES (No Match)",2026-09-05,False,False,False,manufacturer
Global Sea Foods and Hotels Ltd. (Plant),09/18/2009,"BSE/NSE, Udyam, DGFT IEC, Spices Board CRES (No Match)",2026-09-05,False,False,False,manufacturer & merchant
Godavari Mega Aqua Food Park Pvt Ltd,09/03/2021,"BSE/NSE, Udyam, DGFT IEC, Spices Board CRES (No Match)",2026-09-05,False,False,False,manufacturer
Green Asia Impex Private Limited,02/07/2025,"BSE/NSE, Udyam, DGFT IEC, Spices Board CRES (No Match)",2026-09-05,False,False,False,manufacturer & merchant
Growel Processors Private Limited,05/01/2017,"BSE/NSE, Udyam, DGFT IEC, Spices Board CRES (No Match)",2026-09-05,False,False,False,manufacturer
HIGHLAND AGRO FOOD PRIVATE LIMITED,09/29/2023,"BSE/NSE, Udyam, DGFT IEC, Spices Board CRES (No Match)",2026-09-05,False,False,False,manufacturer
HINDUSTAN LEVER LIMITED,09/18/2009,"BSE/NSE, Udyam, DGFT IEC, Spices Board CRES (No Match)",2026-09-05,False,False,False,manufacturer
HN Indigos Pvt. Ltd.,01/31/2018,"BSE/NSE, Udyam, DGFT IEC, Spices Board CRES (No Match)",2026-09-05,False,False,False,manufacturer
Hari Marine Pvt Ltd,06/08/2018,"BSE/NSE, Udyam, DGFT IEC, Spices Board CRES (No Match)",2026-09-05,False,False,False,manufacturer
Haripriya Marine Export,11/28/2018,"BSE/NSE, Udyam, DGFT IEC, Spices Board CRES (No Match)",2026-09-05,False,False,False,merchant exporter
Hyson Exports Private Limited,06/29/2020,"BSE/NSE, Udyam, DGFT IEC, Spices Board CRES (No Match)",2026-09-05,False,False,False,manufacturer & merchant
IFB AGRO INDUSTRIES,09/18/2009,"BSE/NSE, Udyam, DGFT IEC, Spices Board CRES (No Match)",2026-09-05,False,False,False,manufacturer
INNOVATIVE FOODS LIMITED,09/18/2009,"BSE/NSE, Udyam, DGFT IEC, Spices Board CRES (No Match)",2026-09-05,False,False,False,manufacturer
Indo Fisheries,08/13/2015,"BSE/NSE, Udyam, DGFT IEC, Spices Board CRES (No Match)",2026-09-05,False,False,False,indeterminate
Indo-Marine Agencies Kerala Pvt Ltd,09/18/2009,"BSE/NSE, Udyam, DGFT IEC, Spices Board CRES (No Match)",2026-09-05,False,False,False,manufacturer
International Freezfish Exports (Unit II),09/18/2009,"BSE/NSE, Udyam, DGFT IEC, Spices Board CRES (No Match)",2026-09-05,False,False,False,merchant exporter
JASPER AQUA EXPORTS LIMITED,09/18/2009,"BSE/NSE, Udyam, DGFT IEC, Spices Board CRES (No Match)",2026-09-05,False,False,False,manufacturer & merchant
JAYALAKSHMI SEA FOODS PVT LTD UNIT III,12/12/2024,"BSE/NSE, Udyam, DGFT IEC, Spices Board CRES (No Match)",2026-09-05,False,False,False,manufacturer
Jagadeesh Marine Exports,04/03/2018,"BSE/NSE, Udyam, DGFT IEC, Spices Board CRES (No Match)",2026-09-05,False,False,False,merchant exporter
Jayalakshmi Sea Foods Pvt. Ltd.,05/25/2016,"BSE/NSE, Udyam, DGFT IEC, Spices Board CRES (No Match)",2026-09-05,False,False,False,manufacturer
Jayalakshmi Sea Foods Pvt. Ltd. Unit II,01/02/2015,"BSE/NSE, Udyam, DGFT IEC, Spices Board CRES (No Match)",2026-09-05,False,False,False,manufacturer
K.N.C. AGRO LIMITED,08/25/2017,"BSE/NSE, Udyam, DGFT IEC, Spices Board CRES (No Match)",2026-09-05,False,False,False,manufacturer
KADALKANNY FROZEN FOODS,09/18/2009,"BSE/NSE, Udyam, DGFT IEC, Spices Board CRES (No Match)",2026-09-05,False,False,False,indeterminate
KALYANEE MARINE,09/18/2009,"BSE/NSE, Udyam, DGFT IEC, Spices Board CRES (No Match)",2026-09-05,False,False,False,indeterminate
KINGS MARINE PRODUCTS,09/18/2009,"BSE/NSE, Udyam, DGFT IEC, Spices Board CRES (No Match)",2026-09-05,False,False,False,indeterminate
KV Marine Exports,09/18/2009,"BSE/NSE, Udyam, DGFT IEC, Spices Board CRES (No Match)",2026-09-05,False,False,False,merchant exporter
Kader Exports Private Limited,11/06/2012,"BSE/NSE, Udyam, DGFT IEC, Spices Board CRES (No Match)",2026-09-05,False,False,False,manufacturer & merchant
Kader Exports Private Limited Unit 3,01/10/2023,"BSE/NSE, Udyam, DGFT IEC, Spices Board CRES (No Match)",2026-09-05,False,False,False,manufacturer & merchant
"Kader Exports Private Limited, Unit 04",09/26/2017,"BSE/NSE, Udyam, DGFT IEC, Spices Board CRES (No Match)",2026-09-05,False,False,False,manufacturer & merchant
"Kader Exports Private Limited, Unit 2",01/12/2021,"BSE/NSE, Udyam, DGFT IEC, Spices Board CRES (No Match)",2026-09-05,False,False,False,manufacturer & merchant
"Kader Exports Private Limited, Unit 5",09/18/2009,"BSE/NSE, Udyam, DGFT IEC, Spices Board CRES (No Match)",2026-09-05,False,False,False,manufacturer & merchant
Kalyan Aqua & Marine Exports India Pvt Ltd,11/19/2014,"BSE/NSE, Udyam, DGFT IEC, Spices Board CRES (No Match)",2026-09-05,False,False,False,manufacturer & merchant
Karunya Marine Exports Pvt. Ltd.,10/05/2015,"BSE/NSE, Udyam, DGFT IEC, Spices Board CRES (No Match)",2026-09-05,False,False,False,manufacturer & merchant
Kay Kay Exports,11/18/2010,"BSE/NSE, Udyam, DGFT IEC, Spices Board CRES (No Match)",2026-09-05,False,False,False,merchant exporter
King Fisheries Limited,09/18/2009,"BSE/NSE, Udyam, DGFT IEC, Spices Board CRES (No Match)",2026-09-05,False,False,False,manufacturer
Koluthara Exports,06/28/2021,"BSE/NSE, Udyam, DGFT IEC, Spices Board CRES (No Match)",2026-09-05,False,False,False,merchant exporter
LNSK Green House Agro Products LLP,06/25/2020,"BSE/NSE, Udyam, DGFT IEC, Spices Board CRES (No Match)",2026-09-05,False,False,False,manufacturer
M/S GLOBAL SEA FOODS & HOTELS LIMITED,09/18/2009,"BSE/NSE, Udyam, DGFT IEC, Spices Board CRES (No Match)",2026-09-05,False,False,False,manufacturer & merchant
M/S Silver Sea Food Unit II,04/15/2019,"BSE/NSE, Udyam, DGFT IEC, Spices Board CRES (No Match)",2026-09-05,False,False,False,indeterminate
M/S. Bhimraj Exports,01/29/2026,"BSE/NSE, Udyam, DGFT IEC, Spices Board CRES (No Match)",2026-09-05,False,False,False,merchant exporter
M/S. Castlerock Fisheries Pvt. Ltd. UNIT - III,03/02/2020,"BSE/NSE, Udyam, DGFT IEC, Spices Board CRES (No Match)",2026-09-05,False,False,False,manufacturer
M/S. Shimpo Seafoods,05/20/2014,"BSE/NSE, Udyam, DGFT IEC, Spices Board CRES (No Match)",2026-09-05,False,False,False,indeterminate
M/S.DEVI FISHERIES LIMITED,09/18/2009,"BSE/NSE, Udyam, DGFT IEC, Spices Board CRES (No Match)",2026-09-05,False,False,False,manufacturer
M/s. ABM Marine Products,06/22/2026,"BSE/NSE, Udyam, DGFT IEC, Spices Board CRES (No Match)",2026-09-05,False,False,False,indeterminate
M/s. SEA FOODS PRIVATE LIMITED,05/30/2019,"BSE/NSE, Udyam, DGFT IEC, Spices Board CRES (No Match)",2026-09-05,False,False,False,manufacturer
M/s. Shada Exports,05/30/2019,"BSE/NSE, Udyam, DGFT IEC, Spices Board CRES (No Match)",2026-09-05,False,False,False,merchant exporter
M/s.Ananda Enterprises (India) Pvt Ltd,04/18/2013,"BSE/NSE, Udyam, DGFT IEC, Spices Board CRES (No Match)",2026-09-05,False,False,False,manufacturer & merchant
MAGNUM EXPORT C/O TRIVENI FISHERIES PVT. LTD.,09/18/2009,"BSE/NSE, Udyam, DGFT IEC, Spices Board CRES (No Match)",2026-09-05,False,False,False,manufacturer & merchant
MANGALA MARINE EXIM INDIA PRIVATE LIMITED,09/18/2009,"BSE/NSE, Udyam, DGFT IEC, Spices Board CRES (No Match)",2026-09-05,False,False,False,manufacturer
MANGALA SEAFOODS,06/16/2014,"BSE/NSE, Udyam, DGFT IEC, Spices Board CRES (No Match)",2026-09-05,False,False,False,indeterminate
MATARA AQUACULTURE WEST BENGAL PRIVATE LIMITED,07/09/2025,"BSE/NSE, Udyam, DGFT IEC, Spices Board CRES (No Match)",2026-09-05,False,False,False,manufacturer
MMC EXPORTS LTD,09/29/2020,"BSE/NSE, Udyam, DGFT IEC, Spices Board CRES (No Match)",2026-09-05,False,False,False,manufacturer & merchant
MONSUN FOODS PRIVATE LTD,06/23/2017,"BSE/NSE, Udyam, DGFT IEC, Spices Board CRES (No Match)",2026-09-05,False,False,False,manufacturer
MOURYA AQUEX PRIVATE LIMITED,06/01/2020,"BSE/NSE, Udyam, DGFT IEC, Spices Board CRES (No Match)",2026-09-05,False,False,False,manufacturer
Magnum Estates Limited,11/27/2018,"BSE/NSE, Udyam, DGFT IEC, Spices Board CRES (No Match)",2026-09-05,False,False,False,manufacturer
Magnum Export,09/18/2009,"BSE/NSE, Udyam, DGFT IEC, Spices Board CRES (No Match)",2026-09-05,False,False,False,merchant exporter
Magnum Sea Foods Limited,01/30/2020,"BSE/NSE, Udyam, DGFT IEC, Spices Board CRES (No Match)",2026-09-05,False,False,False,manufacturer
"Mangala Marine Exim India Pvt. Ltd, (Unit 2)",08/24/2015,"BSE/NSE, Udyam, DGFT IEC, Spices Board CRES (No Match)",2026-09-05,False,False,False,manufacturer
Mangala Marine Exim India Pvt. Ltd. Unit # 1,09/07/2023,"BSE/NSE, Udyam, DGFT IEC, Spices Board CRES (No Match)",2026-09-05,False,False,False,manufacturer
Mangala Sea Products,09/18/2009,"BSE/NSE, Udyam, DGFT IEC, Spices Board CRES (No Match)",2026-09-05,False,False,False,indeterminate
Mangala Seafoods,10/06/2016,"BSE/NSE, Udyam, DGFT IEC, Spices Board CRES (No Match)",2026-09-05,False,False,False,indeterminate
Megaa Moda Pvt. Ltd.,03/08/2019,"BSE/NSE, Udyam, DGFT IEC, Spices Board CRES (No Match)",2026-09-05,False,False,False,manufacturer
"Milesh Marine Exports Pvt Ltd.,",01/16/2019,"BSE/NSE, Udyam, DGFT IEC, Spices Board CRES (No Match)",2026-09-05,False,False,False,manufacturer & merchant
Milesh Marine Exports Pvt. Ltd.,12/20/2019,"BSE/NSE, Udyam, DGFT IEC, Spices Board CRES (No Match)",2026-09-05,False,False,False,manufacturer & merchant
Milsha Agro Exports Pvt Ltd,04/10/2018,"BSE/NSE, Udyam, DGFT IEC, Spices Board CRES (No Match)",2026-09-05,False,False,False,manufacturer & merchant
Milsha Sea Product,06/17/2020,"BSE/NSE, Udyam, DGFT IEC, Spices Board CRES (No Match)",2026-09-05,False,False,False,indeterminate
"Mindhola Foods, LLP",05/08/2020,"BSE/NSE, Udyam, DGFT IEC, Spices Board CRES (No Match)",2026-09-05,False,False,False,indeterminate
Munnangi Seafoods Private Limited,04/11/2014,"BSE/NSE, Udyam, DGFT IEC, Spices Board CRES (No Match)",2026-09-05,False,False,False,manufacturer
NEELI AQUA PRIVATE LIMITED,07/01/2016,"BSE/NSE, Udyam, DGFT IEC, Spices Board CRES (No Match)",2026-09-05,False,False,False,manufacturer
NEKKANTI MEGA FOOD PARK PRIVATE LIMITED-UNIT#1,07/15/2019,"BSE/NSE, Udyam, DGFT IEC, Spices Board CRES (No Match)",2026-09-05,False,False,False,manufacturer
NEKKANTI SEA FOODS LIMITED,10/05/2016,"BSE/NSE, Udyam, DGFT IEC, Spices Board CRES (No Match)",2026-09-05,False,False,False,manufacturer
NK Marine Exports LLP,04/04/2025,"BSE/NSE, Udyam, DGFT IEC, Spices Board CRES (No Match)",2026-09-05,False,False,False,merchant exporter
Naga Hanuman Fish Packers,04/15/2024,"BSE/NSE, Udyam, DGFT IEC, Spices Board CRES (No Match)",2026-09-05,False,False,False,indeterminate
Naik Oceanic Export Pvt Ltd,05/13/2020,"BSE/NSE, Udyam, DGFT IEC, Spices Board CRES (No Match)",2026-09-05,False,False,False,manufacturer & merchant
Nekkanti Sea Foods Limited,04/11/2014,"BSE/NSE, Udyam, DGFT IEC, Spices Board CRES (No Match)",2026-09-05,False,False,False,manufacturer
Nekkanti Sea Foods Limited,09/18/2009,"BSE/NSE, Udyam, DGFT IEC, Spices Board CRES (No Match)",2026-09-05,False,False,False,manufacturer
Nekkanti Sea Foods Limited,11/21/2016,"BSE/NSE, Udyam, DGFT IEC, Spices Board CRES (No Match)",2026-09-05,False,False,False,manufacturer
Nezami Rekha Seafoods Private Limited,08/29/2013,"BSE/NSE, Udyam, DGFT IEC, Spices Board CRES (No Match)",2026-09-05,False,False,False,manufacturer
Nila Sea Foods Exports,07/31/2023,"BSE/NSE, Udyam, DGFT IEC, Spices Board CRES (No Match)",2026-09-05,False,False,False,merchant exporter
Nila Seafoods Pvt. Ltd.,06/01/2015,"BSE/NSE, Udyam, DGFT IEC, Spices Board CRES (No Match)",2026-09-05,False,False,False,manufacturer
Oceanic Edible International Ltd,12/19/2013,"BSE/NSE, Udyam, DGFT IEC, Spices Board CRES (No Match)",2026-09-05,False,False,False,manufacturer
PADINJARETHALACKAL PLANTATIONS PRIVATE LIMITED,09/18/2009,"BSE/NSE, Udyam, DGFT IEC, Spices Board CRES (No Match)",2026-09-05,False,False,False,manufacturer
PENVER PRODUCTS LIMITED,08/30/2019,"BSE/NSE, Udyam, DGFT IEC, Spices Board CRES (No Match)",2026-09-05,False,False,False,manufacturer
PENVER PRODUCTS PVT.LTD.,09/18/2009,"BSE/NSE, Udyam, DGFT IEC, Spices Board CRES (No Match)",2026-09-05,False,False,False,manufacturer
POYILAKADA FISHERIES PVT LTD,09/18/2009,"BSE/NSE, Udyam, DGFT IEC, Spices Board CRES (No Match)",2026-09-05,False,False,False,manufacturer
Pasupati Aquatics Pvt. Ltd.,09/27/2023,"BSE/NSE, Udyam, DGFT IEC, Spices Board CRES (No Match)",2026-09-05,False,False,False,manufacturer
Patel Int'L,09/18/2009,"BSE/NSE, Udyam, DGFT IEC, Spices Board CRES (No Match)",2026-09-05,False,False,False,indeterminate
Penver Products Limited,09/18/2009,"BSE/NSE, Udyam, DGFT IEC, Spices Board CRES (No Match)",2026-09-05,False,False,False,manufacturer
Premier Exports International,09/18/2009,"BSE/NSE, Udyam, DGFT IEC, Spices Board CRES (No Match)",2026-09-05,False,False,False,merchant exporter
RDR EXPORTS,09/18/2009,"BSE/NSE, Udyam, DGFT IEC, Spices Board CRES (No Match)",2026-09-05,False,False,False,merchant exporter
RVR MARINE PRODUCTS LTD,09/18/2009,"BSE/NSE, Udyam, DGFT IEC, Spices Board CRES (No Match)",2026-09-05,False,False,False,manufacturer
Ram's Assorted Cold Storage Limited,09/18/2009,"BSE/NSE, Udyam, DGFT IEC, Spices Board CRES (No Match)",2026-09-05,False,False,False,manufacturer
Rank Industries,09/18/2009,"BSE/NSE, Udyam, DGFT IEC, Spices Board CRES (No Match)",2026-09-05,False,False,False,manufacturer
"Ravi Fisheries, Ltd.",09/18/2009,"BSE/NSE, Udyam, DGFT IEC, Spices Board CRES (No Match)",2026-09-05,False,False,False,manufacturer
Razban Seafood Pvt Ltd,12/07/2017,"BSE/NSE, Udyam, DGFT IEC, Spices Board CRES (No Match)",2026-09-05,False,False,False,manufacturer
Royal Imports & Exports,08/09/2019,"BSE/NSE, Udyam, DGFT IEC, Spices Board CRES (No Match)",2026-09-05,False,False,False,merchant exporter
Royal Oceans,04/06/2021,"BSE/NSE, Udyam, DGFT IEC, Spices Board CRES (No Match)",2026-09-05,False,False,False,indeterminate
Royale Marine Impex Pvt. Ltd.,01/18/2024,"BSE/NSE, Udyam, DGFT IEC, Spices Board CRES (No Match)",2026-09-05,False,False,False,manufacturer & merchant
S.A. Exports,01/24/2014,"BSE/NSE, Udyam, DGFT IEC, Spices Board CRES (No Match)",2026-09-05,False,False,False,merchant exporter
SADAF SEA FOODS,05/26/2020,"BSE/NSE, Udyam, DGFT IEC, Spices Board CRES (No Match)",2026-09-05,False,False,False,indeterminate
"SAGAR GRANDHI EXPORTS (P) LTD., UNIT- II",09/04/2013,"BSE/NSE, Udyam, DGFT IEC, Spices Board CRES (No Match)",2026-09-05,False,False,False,manufacturer & merchant
SAI MARINE EXPORTS PRIVATE,09/18/2009,"BSE/NSE, Udyam, DGFT IEC, Spices Board CRES (No Match)",2026-09-05,False,False,False,manufacturer & merchant
SANDHYA AQUA EXPORTS PVT LTD,06/23/2023,"BSE/NSE, Udyam, DGFT IEC, Spices Board CRES (No Match)",2026-09-05,False,False,False,manufacturer & merchant
SANDHYA MARINES LIMITED,07/13/2026,"BSE/NSE, Udyam, DGFT IEC, Spices Board CRES (No Match)",2026-09-05,False,False,False,manufacturer
SNOW WORLD MARINE EXPORTS PRIVATE LIMITED,09/02/2025,"BSE/NSE, Udyam, DGFT IEC, Spices Board CRES (No Match)",2026-09-05,False,False,False,manufacturer & merchant
SOUTHERN TROPICAL FOODS PVT LTD,09/19/2017,"BSE/NSE, Udyam, DGFT IEC, Spices Board CRES (No Match)",2026-09-05,False,False,False,manufacturer
SPRINT EXPORTS PRIVATE LIMITED,11/04/2013,"BSE/NSE, Udyam, DGFT IEC, Spices Board CRES (No Match)",2026-09-05,False,False,False,manufacturer & merchant
SPRINT EXPORTS PVT LTD,02/25/2014,"BSE/NSE, Udyam, DGFT IEC, Spices Board CRES (No Match)",2026-09-05,False,False,False,manufacturer & merchant
"SRI SAKKTHI COLD STOREGE PVT. LTD., ( UNIT 1 )",09/18/2009,"BSE/NSE, Udyam, DGFT IEC, Spices Board CRES (No Match)",2026-09-05,False,False,False,manufacturer
SSF LIMITED,10/22/2018,"BSE/NSE, Udyam, DGFT IEC, Spices Board CRES (No Match)",2026-09-05,False,False,False,manufacturer
Sagar Grandhi Exports Pvt Ltd,06/29/2018,"BSE/NSE, Udyam, DGFT IEC, Spices Board CRES (No Match)",2026-09-05,False,False,False,manufacturer & merchant
Sai Marine Exports Private Limited-Unit II,07/28/2021,"BSE/NSE, Udyam, DGFT IEC, Spices Board CRES (No Match)",2026-09-05,False,False,False,manufacturer & merchant
Sam Aqua Exports,04/28/2025,"BSE/NSE, Udyam, DGFT IEC, Spices Board CRES (No Match)",2026-09-05,False,False,False,merchant exporter
Sanchita Marine Products Pvt. Ltd.,03/11/2021,"BSE/NSE, Udyam, DGFT IEC, Spices Board CRES (No Match)",2026-09-05,False,False,False,manufacturer
Sandhya Aqua Exports Pvt Ltd Unit 2,12/10/2020,"BSE/NSE, Udyam, DGFT IEC, Spices Board CRES (No Match)",2026-09-05,False,False,False,manufacturer & merchant
Sandhya Aqua Exports Pvt.Ltd.,09/18/2009,"BSE/NSE, Udyam, DGFT IEC, Spices Board CRES (No Match)",2026-09-05,False,False,False,manufacturer & merchant
Sandhya Marines,09/18/2009,"BSE/NSE, Udyam, DGFT IEC, Spices Board CRES (No Match)",2026-09-05,False,False,False,indeterminate
Sandhya Marines Limited Unit 1,10/09/2013,"BSE/NSE, Udyam, DGFT IEC, Spices Board CRES (No Match)",2026-09-05,False,False,False,manufacturer
Sandhya Marines Limited Unit 2,03/23/2015,"BSE/NSE, Udyam, DGFT IEC, Spices Board CRES (No Match)",2026-09-05,False,False,False,manufacturer
Seasaga Enterprises Pvt.Ltd,09/18/2009,"BSE/NSE, Udyam, DGFT IEC, Spices Board CRES (No Match)",2026-09-05,False,False,False,manufacturer & merchant
"Sharat Industries, Limited",11/21/2022,"BSE/NSE, Udyam, DGFT IEC, Spices Board CRES (No Match)",2026-09-05,False,False,False,manufacturer
Shimpo Exports Pvt Ltd,05/13/2014,"BSE/NSE, Udyam, DGFT IEC, Spices Board CRES (No Match)",2026-09-05,False,False,False,manufacturer & merchant
Shree Datt Aquaculture Farms,12/03/2014,"BSE/NSE, Udyam, DGFT IEC, Spices Board CRES (No Match)",2026-09-05,False,False,False,manufacturer
Sigma Seafoods,01/03/2024,"BSE/NSE, Udyam, DGFT IEC, Spices Board CRES (No Match)",2026-09-05,False,False,False,indeterminate
Sreeragam Exports Pvt. Ltd.,06/26/2023,"BSE/NSE, Udyam, DGFT IEC, Spices Board CRES (No Match)",2026-09-05,False,False,False,manufacturer & merchant
Sri Sakkthi Cold Storage Pvt.Ltd.,09/18/2009,"BSE/NSE, Udyam, DGFT IEC, Spices Board CRES (No Match)",2026-09-05,False,False,False,manufacturer
Star Agro Marine Exports Private Limited,05/01/2012,"BSE/NSE, Udyam, DGFT IEC, Spices Board CRES (No Match)",2026-09-05,False,False,False,manufacturer & merchant
Summit Marine Exports Private Limited,07/16/2026,"BSE/NSE, Udyam, DGFT IEC, Spices Board CRES (No Match)",2026-09-05,False,False,False,manufacturer & merchant
Suryamitra Exim PVT Ltd.,02/28/2014,"BSE/NSE, Udyam, DGFT IEC, Spices Board CRES (No Match)",2026-09-05,False,False,False,manufacturer
Suryamitra Exim Pvt Ltd,09/23/2013,"BSE/NSE, Udyam, DGFT IEC, Spices Board CRES (No Match)",2026-09-05,False,False,False,manufacturer
THEVA & CO,02/27/2013,"BSE/NSE, Udyam, DGFT IEC, Spices Board CRES (No Match)",2026-09-05,False,False,False,indeterminate
The Waterbase Limited,09/18/2009,"BSE/NSE, Udyam, DGFT IEC, Spices Board CRES (No Match)",2026-09-05,False,False,False,manufacturer
Torry Harris Seafood Ltd.,09/18/2009,"BSE/NSE, Udyam, DGFT IEC, Spices Board CRES (No Match)",2026-09-05,False,False,False,manufacturer
Triveni Food Products Pvt Ltd.,09/18/2009,"BSE/NSE, Udyam, DGFT IEC, Spices Board CRES (No Match)",2026-09-05,False,False,False,manufacturer
Uniroyal Marine Exports Limited,09/18/2009,"BSE/NSE, Udyam, DGFT IEC, Spices Board CRES (No Match)",2026-09-05,False,False,False,manufacturer & merchant
Unitriveni Overseas,11/15/2016,"BSE/NSE, Udyam, DGFT IEC, Spices Board CRES (No Match)",2026-09-05,False,False,False,merchant exporter
V. V. MARINE PRODUCTS,02/04/2016,"BSE/NSE, Udyam, DGFT IEC, Spices Board CRES (No Match)",2026-09-05,False,False,False,indeterminate
VARMA MARINE PRIVATE LIMITED,07/31/2023,"BSE/NSE, Udyam, DGFT IEC, Spices Board CRES (No Match)",2026-09-05,False,False,False,manufacturer
Vasista Marine,09/18/2013,"BSE/NSE, Udyam, DGFT IEC, Spices Board CRES (No Match)",2026-09-05,False,False,False,indeterminate
Veejay Impex,03/26/2010,"BSE/NSE, Udyam, DGFT IEC, Spices Board CRES (No Match)",2026-09-05,False,False,False,merchant exporter
Veerabhadra Exports,08/03/2016,"BSE/NSE, Udyam, DGFT IEC, Spices Board CRES (No Match)",2026-09-05,False,False,False,merchant exporter
Veerabhadra Exports Private Limited,03/08/2023,"BSE/NSE, Udyam, DGFT IEC, Spices Board CRES (No Match)",2026-09-05,False,False,False,manufacturer & merchant
Victoria Marine Marine & Agro Exports Ltd.,09/18/2009,"BSE/NSE, Udyam, DGFT IEC, Spices Board CRES (No Match)",2026-09-05,False,False,False,manufacturer & merchant
Vinner Marine,09/18/2009,"BSE/NSE, Udyam, DGFT IEC, Spices Board CRES (No Match)",2026-09-05,False,False,False,indeterminate
Voltas International Ltd,09/18/2009,"BSE/NSE, Udyam, DGFT IEC, Spices Board CRES (No Match)",2026-09-05,False,False,False,manufacturer
WELLCOME FISHERIES LIMITED,08/29/2012,"BSE/NSE, Udyam, DGFT IEC, Spices Board CRES (No Match)",2026-09-05,False,False,False,manufacturer
West Coast Frozen Foods Private Limited,05/04/2011,"BSE/NSE, Udyam, DGFT IEC, Spices Board CRES (No Match)",2026-09-05,False,False,False,manufacturer
West Coast Frozen Foods Private Limited - UNIT II,04/25/2014,"BSE/NSE, Udyam, DGFT IEC, Spices Board CRES (No Match)",2026-09-05,False,False,False,manufacturer
Z.A. Sea Foods,12/04/2014,"BSE/NSE, Udyam, DGFT IEC, Spices Board CRES (No Match)",2026-09-05,False,False,False,indeterminate
Zeal Aqua Limited,07/27/2021,"BSE/NSE, Udyam, DGFT IEC, Spices Board CRES (No Match)",2026-09-05,False,False,False,manufacturer
konark aquatics & exports private limited,09/18/2009,"BSE/NSE, Udyam, DGFT IEC, Spices Board CRES (No Match)",2026-09-05,False,False,False,manufacturer & merchant
star agro marine exports pvt ltd,05/01/2012,"BSE/NSE, Udyam, DGFT IEC, Spices Board CRES (No Match)",2026-09-05,False,False,False,manufacturer & merchant
