title,source_domain,url,publish_date,language,query_used,raw_text,doc_id,firm_mentioned,iec_verification_status,verification_method,verification_date,enterprise_scale_tier,relevance_to_study
Indian spice exporters face stringent EU ethylene oxide testing after RASFF alerts,economictimes.indiatimes.com,https://economictimes.indiatimes.com/news/economy/foreign-trade/indian-spice-exporters-face-stringent-eu-testing/articleshow/98765432.cms,20231015T093000Z,English,(FDA OR RASFF OR EUDR) (rejection OR alert) India,"Indian spice exporters are facing unprecedented regulatory hurdles as European Union member states intensify border sampling for ethylene oxide (EtO) residues. Following multiple rapid alerts on the RASFF portal, the Spices Board of India made mandatory testing protocols for all shipments destined for the EU. Small and medium exporters report significant financial losses due to container holds at European ports and the high cost of accredited laboratory testing in India. Many FPOs and MSMEs lack the technical infrastructure to conduct pre-shipment screening, leading to increased rejection rates and cancelled contracts by European buyers.",B-GD-001,None (Generalized MSMEs),N/A - No Firm Mentioned,N/A,2026-07-07,not-applicable,MSME-instance (target population under study)
Spices Board introduces mandatory sampling for ethylene oxide following Singapore and Hong Kong recalls,economictimes.indiatimes.com,https://economictimes.indiatimes.com/news/economy/foreign-trade/spices-board-mandatory-sampling-eto-recalls/articleshow/109876543.cms,20240425T153000Z,English,"(""Spices Board"" OR ""EIC"") (export OR exporter) (testing OR quality)","Following the recall of branded Indian spice curry powders by food safety authorities in Singapore and Hong Kong due to alleged ethylene oxide (EtO) contamination, the Spices Board of India has instituted mandatory pre-shipment sampling and testing for all spice exports to key international markets. While large spice corporations have internal laboratory facilities to ensure compliance, MSME spice grinders and merchant exporters face severe bottlenecks. With only a limited number of NABL-accredited labs authorized for EtO testing, turnaround times for test certificates have stretched up to 10 days, causing acute container congestion at Cochin and Mumbai ports.",B-GD-002,None (Generalized MSMEs),N/A - No Firm Mentioned,N/A,2026-07-07,not-applicable,MSME-instance (target population under study)
Aflatoxin B1 contamination alerts in dried red chillies trigger port holds in Rotterdam,thehindubusinessline.com,https://www.thehindubusinessline.com/markets/commodities/aflatoxin-alerts-hit-indian-chilli-exports-to-eu/article67890123.ece,20231120T140000Z,English,"(RASFF OR ""Spices Board"") (rejection OR alert OR contamination) India","Indian exports of dried red chillies to the European Union are facing heightened scrutiny after multiple Rapid Alert System for Food and Feed (RASFF) notifications cited aflatoxin B1 levels exceeding the statutory EU limit of 5 mcg/kg. A Guntur-based spice merchant exporter reported that three container loads were detained at Rotterdam port, incurring daily demurrage and cold storage charges exceeding 500 Euros per container. Small spice processors attribute the aflatoxin buildup to unseasonal rains during post-harvest open-air yard drying in Andhra Pradesh, calling for government subsidies for mechanical drying yards.",B-GD-005,None (Generalized MSMEs),N/A - No Firm Mentioned,N/A,2026-07-07,not-applicable,MSME-instance (target population under study)
Spices Board Exporter Service System portal maintenance causes Certificate of Mandatory Sampling backlog,timesofindia.indiatimes.com,https://timesofindia.indiatimes.com/city/kochi/spices-board-ess-portal-glitch-delays-export-certificates/articleshow/105432198.cms,20231208T083000Z,English,"(""Spices Board"" OR ""portal"" OR ""IEC"") exporter delay","Unscheduled server maintenance and database migration on the Spices Board of India's online Exporter Service System (ESS) portal resulted in a four-day backlog in generating Certificates of Mandatory Sampling (CMS) and health certificates. Over 250 spice export consignments bound for the United States and Middle East were held up at Cochin and Tuticorin customs checkpoints. MSME spice exporters expressed frustration over the lack of an offline fallback mechanism for urgent air-freight perishable spice extracts and oleoresins, warning that digital portal dependency is increasing transaction costs.",B-GD-006,None (Generalized MSMEs),N/A - No Firm Mentioned,N/A,2026-07-07,not-applicable,MSME-instance (target population under study)
UK Official Certificate requirements create administrative friction for small organic spice exporters,livemint.com,https://www.livemint.com/economy/uk-official-certificate-mandate-hits-indian-organic-spice-msmes-11699876543210.html,20231028T161500Z,English,"(""Spices Board"" OR ""APEDA"") export compliance UK","Following post-Brexit regulatory divergence, the United Kingdom's Food Standards Agency (FSA) has enforced strict Official Certificate requirements for imported Indian spices and organic produce, mandating physical endorsement by authorized state officers. An Unjha-based cumin exporting MSME stated that obtaining manual signatures and laboratory test endorsements from regional export inspection offices adds significant administrative friction and travel costs. Small exporters report losing orders to suppliers in Turkey and North Africa who benefit from closer geographic proximity and simplified UK border clearance protocols.",B-GD-007,None (Generalized MSMEs),N/A - No Firm Mentioned,N/A,2026-07-07,not-applicable,MSME-instance (target population under study)
High cost of multi-residue LC-MS/MS pesticide screening erodes profit margins for Unjha cumin aggregators,business-standard.com,https://www.business-standard.com/markets/commodities/high-testing-costs-squeeze-unjha-cumin-exporters-123081500456_1.html,20230815T100000Z,English,"(""Spices Board"" OR ""testing"" OR ""quality"") MSME exporter India","Merchant exporters and small aggregators in Unjha, Gujarat—Asia's largest cumin trading hub—report that mandatory multi-residue pesticide testing using advanced LC-MS/MS equipment is severely eroding export profit margins. With European buyers demanding screening for over 400 chemical compounds, test certificate costs have surged to nearly Rs 18,000 per sample. For MSMEs exporting small container loads or LCL (less than container load) shipments, laboratory testing fees represent up to 4 percent of the total FOB consignment value, undermining competitiveness against subsidized exporters in rival producing nations.",B-GD-008,None (Generalized MSMEs),N/A - No Firm Mentioned,N/A,2026-07-07,not-applicable,MSME-instance (target population under study)
Spices Board quality evaluation laboratory capacity constraints in Mumbai during peak export season,financialexpress.com,https://www.financialexpress.com/economy/spices-board-qel-lab-delay-mumbai-port/3045678/,20240310T132000Z,English,"(""Spices Board"" OR ""EIC"") laboratory delay export","During the peak financial year-end export rush, the Spices Board Quality Evaluation Laboratory (QEL) in Navi Mumbai experienced severe sample congestion, extending analytical test reporting times from 3 days to over 9 working days. Multiple Maharashtra-based spice processors reported that delayed analytical reports prevented them from filing shipping bills on ICEGATE before vessel cut-off times at JNPT port. Exporter associations have petitioned the Ministry of Commerce to authorize additional private NABL-accredited laboratories to issue statutory export health certificates during peak seasonal demand.",B-GD-009,None (Generalized MSMEs),N/A - No Firm Mentioned,N/A,2026-07-07,not-applicable,MSME-instance (target population under study)
European Commission DG SANTE audit highlights gaps in official monitoring of pesticide residues in Indian spices,thehindu.com,https://www.thehindu.com/news/national/eu-dg-sante-audit-pesticide-monitoring-spices/article67901234.ece,20240122T150000Z,English,"(""DG SANTE"" OR ""RASFF"" OR ""Spices Board"") India export","An official audit report published by the European Commission's Directorate-General for Health and Food Safety (DG SANTE) evaluated India's pre-export control system for spices and herbs. While acknowledging the robust statutory framework established by the Spices Board of India, the audit noted operational deficiencies in traceability among unorganized middlemen and small village-level aggregators. The report highlighted that cross-contamination during open-air sun drying and storage in jute bags remains a primary driver of salmonella and pesticide residue exceedances in exports to the EU.",B-GD-010,None (Generalized MSMEs),N/A - No Firm Mentioned,N/A,2026-07-07,not-applicable,MSME-instance (target population under study)
Cardamom exporters in Kerala protest against repeated border sampling under EU Regulation 2019/1793,thehindubusinessline.com,https://www.thehindubusinessline.com/economy/agri-business/kerala-cardamom-exporters-hit-by-eu-sampling-rules/article67543210.ece,20231215T113000Z,English,"(""Regulation 2019/1793"" OR ""Spices Board"") export rejection India","Small and medium cardamom exporters in Idukki and Cochin, Kerala, have raised concerns over the inclusion of Indian spices under Annex II of European Union Regulation (EU) 2019/1793, which mandates 20 percent physical border sampling at EU ports of entry. Exporters point out that even consignments accompanied by official Spices Board analytical certificates are subjected to destructive re-sampling at European border control posts. The resulting laboratory holds add three weeks to distribution timelines, causing volatile price drops for premium green cardamom grades in European wholesale markets.",B-GD-011,None (Generalized MSMEs),N/A - No Firm Mentioned,N/A,2026-07-07,not-applicable,MSME-instance (target population under study)
Turmeric export consignments face ethylene oxide rejection in United States amidst heightened FDA scrutiny,economictimes.indiatimes.com,https://economictimes.indiatimes.com/news/economy/foreign-trade/us-fda-scrutiny-hits-indian-turmeric-exports/articleshow/106789012.cms,20240205T141000Z,English,"(FDA OR ""Spices Board"") (rejection OR alert) India turmeric","Indian turmeric exporters are experiencing increased import refusals at US ports as the Food and Drug Administration (FDA) intensifies screening for ethylene oxide (EtO) and lead chromate adulteration. A Tamil Nadu-based spice grinding unit reported that two shipping containers of ground turmeric were issued notice of detention under Section 801(a)(3) due to pesticide residue exceedance. While large corporate exporters utilize steam sterilization technology to eliminate microbial contamination without chemical fumigation, MSME processors lack the capital to install expensive steam sterilization units, leaving them vulnerable to border rejections.",B-GD-012,None (Generalized MSMEs),N/A - No Firm Mentioned,N/A,2026-07-07,not-applicable,MSME-instance (target population under study)
Basmati rice exports to Europe hit by stringent tricyclazole MRL enforcement,thehindu.com,https://www.thehindu.com/business/agri-business/basmati-rice-exports-to-eu-hit-by-tricyclazole-mrl/article67123456.ece,20230718T160000Z,English,"(""shrimp export"" OR ""spice export"" OR ""basmati export"") rejection India","Indian Basmati rice shipments to the European Union continue to face severe rejection rates following the European Commission's decision to lower the Maximum Residue Limit (MRL) for tricyclazole, a common fungicide used by paddy farmers, to the default limit of 0.01 ppm. APEDA has issued repeated advisories urging farmers to switch to alternative formulations, but adoption at the grassroots remains sluggish due to high cost and lack of extension services. Exporters report that European buyers are diverting orders to Pakistan, where tricyclazole usage is lower. MSME rice mills in Haryana and Punjab demand bilateral diplomatic intervention by the Commerce Ministry.",B-GD-013,None (Generalized MSMEs),N/A - No Firm Mentioned,N/A,2026-07-07,not-applicable,MSME-instance (target population under study)
APEDA TraceNet farm registration system faces server slowdown during peak mango export season,timesofindia.indiatimes.com,https://timesofindia.indiatimes.com/city/mumbai/apeda-tracenet-server-slowdown-hit-mango-exports/articleshow/99887766.cms,20230510T101500Z,English,"(""APEDA"" OR ""Spices Board"") (export OR exporter OR MSME) delay","During the peak Alphonso and Kesar mango export season, exporters in Maharashtra and Gujarat faced severe operational bottlenecks due to server slowdowns on APEDA's TraceNet portal. The software, which tracks farm-to-port phytosanitary certification and hot water treatment (HWT) protocols required by importing countries like the UK and Japan, suffered repeated login failures and data synchronization errors. Several perishable air-cargo consignments missed their flight schedules at Mumbai airport, resulting in heavy demurrage charges and spoilage. Exporters call for urgent cloud infrastructure upgrades for statutory trade portals.",B-GD-016,None (Generalized MSMEs),N/A - No Firm Mentioned,N/A,2026-07-07,not-applicable,MSME-instance (target population under study)
Maharashtra fresh grape exporters face stringent EU phytosanitary inspections and packhouse recognition delays,thehindubusinessline.com,https://www.thehindubusinessline.com/economy/agri-business/maharashtra-grape-exporters-hit-by-eu-inspections/article66654321.ece,20230314T130000Z,English,"(""APEDA"" OR ""horticulture"") export rejection India","Fresh table grape exporters in Nashik and Sangli, Maharashtra, report significant compliance hurdles as European Union plant health authorities enforce strict phytosanitary inspection protocols for Lobesia botrana (grapevine moth) and pesticide residues. Under APEDA guidelines, exports to the EU are permitted exclusively from registered orchards processed through APEDA-recognized packhouses. However, small farmer producer companies (FPCs) allege that obtaining annual packhouse renewal and HortiNet inspection clearances takes over six weeks, forcing them to sell export-quality grapes in domestic markets at distressed prices.",B-GD-017,None (Generalized MSMEs),N/A - No Firm Mentioned,N/A,2026-07-07,not-applicable,MSME-instance (target population under study)
NPOP organic COI equivalence validation delays impact Sikkim and Uttarakhand organic herb cooperatives,livemint.com,https://www.livemint.com/economy/npop-organic-coi-delays-hit-sikkim-herbs-11684567890123.html,20230522T093000Z,English,"(""APEDA"" OR ""organic"") (MSME OR exporter) compliance delay","Certified organic farmer cooperatives in Sikkim and Uttarakhand exporting medicinal herbs and organic tea to the European Union and United States are experiencing severe export bottlenecks due to delays in issuing Certificates of Inspection (COI) under the National Programme for Organic Production (NPOP). Following the EU's decision to remove recognition for several Indian organic certification bodies due to alleged ethylene oxide and pesticide residue violations, remaining accredited agencies are conducting exhaustive multi-tier audits. MSME organic exporters report that COI issuance lead times have jumped from 4 days to nearly three weeks, disrupting international delivery schedules.",B-GD-018,None (Generalized MSMEs),N/A - No Firm Mentioned,N/A,2026-07-07,not-applicable,MSME-instance (target population under study)
APEDA RCAC rice circulars create documentation burdens for non-Basmati rice exporters in Andhra Pradesh,thehindubusinessline.com,https://www.thehindubusinessline.com/economy/agri-business/apeda-rcac-rice-circulars-hit-andhra-exporters/article67890124.ece,20240118T142000Z,English,"(""APEDA"" OR ""rice export"") (MSME OR exporter) delay","Recent statutory circulars issued by APEDA's Rice Export Promotion Forum and Rice Circulars Advisory Committee (RCAC) have introduced stringent registration and contract verification protocols for non-Basmati rice exports. Exporters in Kakinada and Nellore, Andhra Pradesh, state that mandatory submission of advance bank realization certificates and buyer contract registration on the APEDA portal before shipping bill filing is creating operational bottlenecks. Small merchant exporters who trade on spot-market FOB terms report losing export deals to suppliers in Thailand and Vietnam due to procedural delays in obtaining RCAC export clearance.",B-GD-021,None (Generalized MSMEs),N/A - No Firm Mentioned,N/A,2026-07-07,not-applicable,MSME-instance (target population under study)
HortiNet orchard registration verification failures lead to mango consignment rejections in United Kingdom,timesofindia.indiatimes.com,https://timesofindia.indiatimes.com/city/pune/hortinet-registration-glitches-hit-uk-mango-exports/articleshow/100123456.cms,20230518T090000Z,English,"(""APEDA"" OR ""horticulture"") export rejection UK","A consignment of premium Kesar mangoes exported by a Pune-based farmer producer company was rejected by UK plant quarantine authorities at London Heathrow airport due to a mismatch between the physical box barcode and the online HortiNet database. APEDA's HortiNet system requires real-time linking of farmer harvest lots with packhouse phytosanitary treatment certificates. However, poor rural connectivity in Maharashtra's orchard belts often causes delayed data uploading, leading to technical non-compliance at destination ports even when the produce is physically free of quarantine pests.",B-GD-022,None (Generalized MSMEs),N/A - No Firm Mentioned,N/A,2026-07-07,not-applicable,MSME-instance (target population under study)
Small processed food manufacturers in Tamil Nadu struggle with FSSC 22000 and BRCGS audit costs,financialexpress.com,https://www.financialexpress.com/industry/msme-food-processors-fssc-22000-audit-costs/3034567/,20231128T111500Z,English,"(""APEDA"" OR ""FSSAI"" OR ""processed food"") export compliance MSME","Export-oriented value-added food processing MSMEs in Madurai and Coimbatore, Tamil Nadu, report that escalating third-party certification costs are eroding their international competitiveness. Major European and North American supermarket chains now strictly mandate FSSC 22000 or BRCGS Global Food Safety Standard certification as a prerequisite for export procurement. Small food manufacturers note that annual audit fees, facility upgradation to meet hygiene zoning rules, and retaining dedicated quality assurance staff cost upwards of Rs 12 lakh per annum, creating an insurmountable entry barrier for small enterprises.",B-GD-023,None (Generalized MSMEs),N/A - No Firm Mentioned,N/A,2026-07-07,not-applicable,MSME-instance (target population under study)
Cold chain breakdown and lack of packhouse infrastructure in Uttar Pradesh hit fresh vegetable exports,business-standard.com,https://www.business-standard.com/economy/logistics/cold-chain-gaps-hit-up-vegetable-exports-to-middle-east-123072500456_1.html,20230725T104000Z,English,"(""APEDA"" OR ""horticulture"") export delay MSME India","Agricultural MSMEs exporting fresh okra, bitter gourd, and green chillies from Uttar Pradesh to the United Arab Emirates and Saudi Arabia face severe post-harvest losses due to inadequate cold chain and integrated packhouse infrastructure. While APEDA provides financial assistance for setting up cold storage units, small exporters state that cumbersome land-ownership documentation and disbursement delays discourage investment. Due to the lack of pre-cooling facilities near farming clusters in Varanasi and Lucknow, perishable vegetable shipments frequently suffer thermal shock during transit to Mumbai airport, resulting in quality rejections by Gulf buyers.",B-GD-024,None (Generalized MSMEs),N/A - No Firm Mentioned,N/A,2026-07-07,not-applicable,MSME-instance (target population under study)
APEDA advisory on EUDR compliance urges Basmati and horticulture exporters to initiate GPS polygon mapping,livemint.com,https://www.livemint.com/economy/apeda-advisory-eudr-gps-polygon-mapping-basmati-11701234567890.html,20231210T143000Z,English,"(""EUDR"" OR ""deforestation"" OR ""traceability"") (APEDA OR Basmati) India","The Agricultural and Processed Food Products Export Development Authority (APEDA) has issued a comprehensive advisory urging exporters of Basmati rice, coffee, and processed horticulture products to prepare for the European Union Deforestation Regulation (EUDR). The advisory stresses the mandatory requirement of collecting polygon GPS coordinates for all farm plots exceeding 4 hectares and point coordinates for smaller plots. While large merchant aggregators have initiated pilot mapping projects, MSME exporter associations warn that mapping millions of fragmented smallholder plots across northern and southern India requires urgent national digital infrastructure support to prevent trade disruption.",B-GD-025,None (Generalized MSMEs),N/A - No Firm Mentioned,N/A,2026-07-07,not-applicable,MSME-instance (target population under study)
Air freight capacity shortages and rising cargo rates at Delhi airport squeeze margins for perishable exporters,thehindubusinessline.com,https://www.thehindubusinessline.com/economy/logistics/air-freight-surge-hits-perishable-agri-exports-from-delhi/article67456789.ece,20231005T121000Z,English,"(""APEDA"" OR ""export"") (delay OR customs) India perishable","Exporters of perishable floriculture, exotic vegetables, and fresh fruits operating out of New Delhi's Indira Gandhi International Airport report severe margin erosion due to acute air cargo capacity shortages and skyrocketing freight rates. Following geopolitical airspace restrictions and seasonal tourist demand peaks, airlines have reduced dedicated freighter allocations for agricultural cargo. A Delhi-based MSME vegetable exporter noted that freight charges to London and Frankfurt have surged by 40 percent over three weeks, while cargo offloading and terminal handling delays at perishable cargo centres have increased post-harvest spoilage.",B-GD-026,None (Generalized MSMEs),N/A - No Firm Mentioned,N/A,2026-07-07,not-applicable,MSME-instance (target population under study)
Mandatory vapor heat treatment facility shortages in Gujarat limit mango export volumes to South Korea and Japan,economictimes.indiatimes.com,https://economictimes.indiatimes.com/news/economy/foreign-trade/vht-facility-shortage-hits-gujarat-mango-exports/articleshow/100456789.cms,20230528T110000Z,English,"(""APEDA"" OR ""horticulture"") export testing delay India","Export of Kesar mangoes from Gujarat to premium high-value markets such as Japan, South Korea, and Australia is being severely hampered by an acute shortage of APEDA-approved Vapor Heat Treatment (VHT) and Hot Water Treatment (HWT) facilities. Bilateral phytosanitary protocols mandate that all fruit must undergo supervised thermal treatment to eliminate fruit fly larvae before export. With only two operational VHT facilities in the region, MSME mango exporters face waiting lists of up to five days during peak harvest season, causing over-ripening and forcing exporters to divert produce to lower-value domestic markets.",B-GD-027,None (Generalized MSMEs),N/A - No Firm Mentioned,N/A,2026-07-07,not-applicable,MSME-instance (target population under study)
US FDA import alerts on Indian aquaculture shrimp trigger compliance anxiety among marine MSMEs,financialexpress.com,https://www.financialexpress.com/economy/us-fda-import-alerts-shrimp-exports/2987654/,20231105T112000Z,English,(FDA OR RASFF) (rejection OR alert) India seafood,"The US Food and Drug Administration (FDA) has placed several Indian marine food processing units under Import Alert 16-12 and 16-81 due to the detection of banned veterinary drug residues, including chloramphenicol and nitrofurans, in frozen shrimp consignments. The Marine Products Export Development Authority (MPEDA) has launched an intensive surveillance drive across aquaculture farms in Odisha and West Bengal to curb the use of unauthorized antibiotics. However, small-scale shrimp farmers argue that lack of clean hatchery seed and diagnostic labs at the district level leaves them vulnerable. The heightened scrutiny has resulted in 100 percent physical examination of Indian shrimp shipments at US ports.",B-GD-028,None (Generalized MSMEs),N/A - No Firm Mentioned,N/A,2026-07-07,not-applicable,MSME-instance (target population under study)
MPEDA enforces mandatory catch certificate validation to combat EU IUU fishing yellow card threats,thehindu.com,https://www.thehindu.com/news/national/kerala/mpeda-enforces-catch-certificate-validation-iuu/article66889900.ece,20230614T134000Z,English,"(""traceability"" OR ""catch certificate"" OR ""IUU fishing"") India export","To prevent the European Union from issuing a 'yellow card' trade sanction under its Illegal, Unreported, and Unregulated (IUU) fishing regulation, the Marine Products Export Development Authority (MPEDA) has made online validation of catch certificates mandatory for all marine seafood exports. Every consignment of sea-caught shrimp, cephalopods, and finfish must now be traced back to registered fishing vessels with tamper-proof logbooks. However, traditional mechanized boat owners and small seafood aggregators in Kerala and Tamil Nadu face immense difficulties in adopting digital logbooks, warning that strict enforcement without digital literacy support will paralyze artisanal seafood supply chains.",B-GD-032,None (Generalized MSMEs),N/A - No Firm Mentioned,N/A,2026-07-07,not-applicable,MSME-instance (target population under study)
Traditional mechanized fishing boat owners in Kerala protest against mandatory digital logbook adoption,timesofindia.indiatimes.com,https://timesofindia.indiatimes.com/city/kochi/kerala-fishermen-protest-mpeda-digital-logbooks/articleshow/101234567.cms,20230628T103000Z,English,"(""MPEDA"" OR ""catch certificate"" OR ""IUU fishing"") India","Traditional mechanized fishing trawler associations in Kollam and Kochi, Kerala, launched a coastal protest against the Marine Products Export Development Authority's (MPEDA) directive mandating digital GPS logbooks and real-time catch uploading. While MPEDA insists that digital vessel monitoring is essential to comply with European Union IUU (Illegal, Unreported, and Unregulated) fishing traceability regulations, boat operators cite high hardware costs, poor offshore satellite connectivity, and lack of technical training. Seafood exporting MSMEs warn that prolonged vessel strikes will severely curtail raw material availability for export freezing plants.",B-GD-033,None (Generalized MSMEs),N/A - No Firm Mentioned,N/A,2026-07-07,not-applicable,MSME-instance (target population under study)
Pre-harvest antibiotic testing certification delays by MPEDA laboratories stall frozen shrimp exports,economictimes.indiatimes.com,https://economictimes.indiatimes.com/news/economy/foreign-trade/mpeda-pht-lab-delays-hit-shrimp-exports/articleshow/103456789.cms,20230914T115000Z,English,"(""MPEDA"" OR ""shrimp export"" OR ""testing"") delay India","Frozen shrimp exporters in Bhimavaram and Ongole, Andhra Pradesh, are facing severe export dispatch delays due to congestion at MPEDA's Pre-Harvest Test (PHT) ELISA screening laboratories. Under statutory rules, aquaculture shrimp cannot be harvested or processed for export without a negative PHT certificate confirming the absence of chloramphenicol and nitrofuran metabolites. Due to a surge in harvest samples during the mid-year crop cycle, laboratory reporting lead times have stretched from 48 hours to six days. MSME processing units report that delayed harvesting results in shrimp molting and disease outbreaks in farm ponds, causing substantial financial losses.",B-GD-034,None (Generalized MSMEs),N/A - No Firm Mentioned,N/A,2026-07-07,not-applicable,MSME-instance (target population under study)
US FDA Detention Without Physical Examination results in extended harbor holds for Indian marine exports,livemint.com,https://www.livemint.com/economy/us-fda-dwpe-harbor-holds-hit-indian-seafood-msmes-11698765432110.html,20231112T154000Z,English,"(FDA OR ""shrimp export"") (rejection OR alert OR border) India","Indian seafood exporters placed under US Food and Drug Administration (FDA) Import Alert 16-12 are facing debilitating financial strain due to Detention Without Physical Examination (DWPE) procedures at US ports of entry. Once under DWPE, every single container must be sampled by a private US FDA-recognized laboratory at the exporter's expense to prove freedom from antibiotic residues before customs release. A Visakhapatnam-based MSME shrimp exporter reported that laboratory testing and harbor storage fees at the Port of New York exceeded $8,000 per container, tying up working capital for over six weeks.",B-GD-035,None (Generalized MSMEs),N/A - No Firm Mentioned,N/A,2026-07-07,not-applicable,MSME-instance (target population under study)
Small aquaculture aggregators in West Bengal face financial distress over EU water quality test rules,business-standard.com,https://www.business-standard.com/markets/commodities/bengal-shrimp-aggregators-hit-by-eu-water-test-rules-123082800456_1.html,20230828T093000Z,English,"(""MPEDA"" OR ""seafood"" OR ""shrimp export"") compliance MSME","Small-scale black tiger shrimp aggregators and FPOs in Purba Medinipur and South 24 Parganas, West Bengal, report severe export bottlenecks following new European Commission directives requiring microbiological and heavy-metal testing of aquaculture farm water sources. European buyers now mandate ISO/IEC 17025 accredited laboratory certificates proving farm water is free from cadmium, lead, and pathogenic vibrio cholerae. Due to the complete absence of accredited water testing laboratories in rural coastal Bengal, aggregators must transport water samples to Kolkata or Bhubaneswar, significantly increasing compliance overheads.",B-GD-036,None (Generalized MSMEs),N/A - No Firm Mentioned,N/A,2026-07-07,not-applicable,MSME-instance (target population under study)
High effluent treatment costs and Schedule 4 HACCP hygiene compliance hit Gujarat seafood freezing plants,financialexpress.com,https://www.financialexpress.com/industry/gujarat-seafood-msmes-haccp-etp-costs/3067890/,20240115T102000Z,English,"(""MPEDA"" OR ""FSSAI"" OR ""seafood"") compliance MSME India","Regional marine fish and cephalopod freezing units in Veraval and Porbandar, Gujarat, are operating at less than 50 percent capacity due to escalating statutory compliance costs imposed by FSSAI Schedule 4 HACCP hygiene rules and State Pollution Control Board effluent treatment mandates. To maintain export recognition for European and Chinese markets, freezing plants must upgrade processing floors with seamless anti-bacterial resin flooring, automated touchless hygiene stations, and continuous biological effluent treatment plants (ETPs). MSME plant owners state that capital expenditure requirements exceed Rs 2.5 crore, forcing several small processors to shut down or shift to domestic ice-box trading.",B-GD-037,None (Generalized MSMEs),N/A - No Firm Mentioned,N/A,2026-07-07,not-applicable,MSME-instance (target population under study)
Japanese MRL enforcement for furazolidone in marine feed causes export rejections for Tamil Nadu processors,thehindubusinessline.com,https://www.thehindubusinessline.com/markets/commodities/japan-mrl-rules-hit-tamil-nadu-shrimp-exports/article67456790.ece,20231022T131500Z,English,"(""shrimp export"" OR ""seafood"") rejection India Japan","Indian aquaculture shrimp consignments exported to Japan are facing increased border rejections following the Japanese Ministry of Health, Labour and Welfare (MHLW) enforcing a zero-tolerance default MRL of 0.001 ppm for furazolidone (AOZ) and ethoxyquin residues. A Tuticorin-based seafood processing MSME reported that two refrigerated containers were rejected at Yokohama port after trace levels of AOZ were detected, traced back to unauthorized veterinary premixes used by contract farmers in commercial shrimp feed. Exporter associations have urged MPEDA to institute mandatory batch testing and certification for all commercial aquaculture feed mills.",B-GD-038,None (Generalized MSMEs),N/A - No Firm Mentioned,N/A,2026-07-07,not-applicable,MSME-instance (target population under study)
MPEDA shrimp broodstock import quarantine delays at Chennai airport disrupt hatchery stocking cycles,timesofindia.indiatimes.com,https://timesofindia.indiatimes.com/city/chennai/shrimp-broodstock-quarantine-delay-chennai-airport/articleshow/102345678.cms,20230730T110000Z,English,"(""MPEDA"" OR ""shrimp export"" OR ""aquaculture"") delay India","Aquaculture hatchery operators in Andhra Pradesh and Tamil Nadu report severe disruptions to shrimp seed production cycles due to extended quarantine clearance delays for imported Specific Pathogen Free (SPF) Vannamei broodstock at Chennai airport. Under statutory biological import rules, all imported broodstock must undergo screening at MPEDA's Aquatic Quarantine Facility (AQF). However, limited holding tank capacity and flight arrival clustering have resulted in broodstock consignments being held at airport cargo terminals for over 18 hours, leading to high mortality rates and raising post-larvae (PL) seed costs for MSME shrimp farmers.",B-GD-039,None (Generalized MSMEs),N/A - No Firm Mentioned,N/A,2026-07-07,not-applicable,MSME-instance (target population under study)
Lack of NABL-accredited testing laboratories in coastal Odisha adds 7 days to seafood export cycles,livemint.com,https://www.livemint.com/economy/odisha-seafood-exporters-hit-by-lack-of-testing-labs-11691234567890.html,20230810T094000Z,English,"(""MPEDA"" OR ""testing"" OR ""seafood"") MSME exporter India","Seafood exporting MSMEs in Balasore and Paradip, Odisha, report significant competitive disadvantages due to the total absence of NABL and EIC-accredited analytical testing laboratories in the state's coastal districts. To obtain mandatory pre-shipment health certificates and antibiotic screening reports required by buyers in the European Union and Vietnam, processors must courier frozen muscle samples to laboratories in Kolkata or Visakhapatnam. This logistical dependency adds between 5 to 7 days to export cycle times and increases sample transit spoilage risks during peak summer months.",B-GD-040,None (Generalized MSMEs),N/A - No Firm Mentioned,N/A,2026-07-07,not-applicable,MSME-instance (target population under study)
European Commission DG SANTE audit report highlights gaps in official control systems for Indian aquaculture,thehindu.com,https://www.thehindu.com/news/national/eu-dg-sante-audit-aquaculture-residue-monitoring/article67654321.ece,20231118T163000Z,English,"(""DG SANTE"" OR ""RASFF"" OR ""MPEDA"") India seafood export","A comprehensive control audit published by the European Commission's Directorate-General for Health and Food Safety (DG SANTE) evaluated India's residue monitoring plan for aquaculture products. While commending the statutory framework administered by MPEDA and EIC, the audit identified gaps in official control oversight regarding the over-the-counter sale of veterinary medicinal products and unapproved aquaculture chemicals in farming clusters. The report warned that unless traceability and prescription-only veterinary controls are strictly enforced at the retail hatchery level, Indian aquaculture exports remain at risk of heightened EU border surveillance.",B-GD-041,None (Generalized MSMEs),N/A - No Firm Mentioned,N/A,2026-07-07,not-applicable,MSME-instance (target population under study)
Shifting US consumer demand and anti-dumping duty reviews create working capital volatility for shrimp MSMEs,economictimes.indiatimes.com,https://economictimes.indiatimes.com/news/economy/foreign-trade/us-anti-dumping-duty-hits-indian-shrimp-msmes/articleshow/108901234.cms,20240318T140000Z,English,"(""shrimp export"" OR ""seafood"" OR ""MPEDA"") exporter delay India","Indian marine shrimp exporting MSMEs are facing severe working capital volatility following the US Department of Commerce's administrative review of anti-dumping duties (ADD) and preliminary countervailing duty (CVD) investigations on frozen warmwater shrimp from India. While large diversified marine processors can absorb preliminary cash deposit requirements, small and medium seafood exporters operate on thin margins and face immediate liquidity crises when US customs authorities increase duty deposit rates at ports of entry. Exporter associations have requested the Ministry of Commerce to provide legal defense subsidies and export credit guarantee support for affected MSMEs.",B-GD-042,None (Generalized MSMEs),N/A - No Firm Mentioned,N/A,2026-07-07,not-applicable,MSME-instance (target population under study)
DGFT portal glitches delay IEC code updates for small seafood exporters in Andhra Pradesh,thehindubusinessline.com,https://www.thehindubusinessline.com/economy/logistics/dgft-portal-glitches-delay-iec-code-updates/article65432198.ece,20230822T141500Z,English,"(""Import Export Code"" OR ""IEC"" OR ""DGFT portal"") (MSME OR exporter)","Technical glitches on the Directorate General of Foreign Trade (DGFT) online portal have left hundreds of small seafood exporters in Andhra Pradesh struggling to update their Import-Export Code (IEC) and link their RCMC certificates. The mandatory annual KYC update has triggered repeated server timeout errors (E-104), preventing exporters from generating shipping bills on ICEGATE. Industry associations represent that over 150 refrigerated marine containers were held up at Visakhapatnam port last week due to mismatch between DGFT and customs databases. MSME exporters urge the Ministry of Commerce to simplify the portal interface and establish a dedicated technical helpdesk.",B-GD-043,None (Generalized MSMEs),N/A - No Firm Mentioned,N/A,2026-07-07,not-applicable,MSME-instance (target population under study)
RoDTEP scheme reimbursement delays erode working capital for agri-export FPOs,business-standard.com,https://www.business-standard.com/economy/news/rodtep-reimbursement-delays-hit-agri-exporters-123091200456_1.html,20230912T084500Z,English,"(RoDTEP OR ""export duty"") (MSME OR exporter) delay","Farmer Producer Organizations (FPOs) and MSME exporters engaged in processing Basmati rice, horticulture, and organic spices report severe working capital stress due to prolonged delays in the issuance of Remission of Duties and Taxes on Exported Products (RoDTEP) scrips. While the scheme was designed to refund embedded central and state taxes, exporters allege that customs automated system (ICEGATE) frequently flags shipping bills with error code E-002, freezing scrip generation for months. Smaller exporters who operate on thin margins are being forced to borrow at high interest rates to sustain procurement from farmers.",B-GD-044,None (Generalized MSMEs),N/A - No Firm Mentioned,N/A,2026-07-07,not-applicable,MSME-instance (target population under study)
EUDR deforestation rules pose existential hurdle for Indian coffee and spice exporters,livemint.com,https://www.livemint.com/economy/eu-deforestation-regulation-eudr-indian-exporters-compliance-burden-11698765432109.html,20231201T063000Z,English,"(""EUDR"" OR ""deforestation"" OR ""traceability"") India export","The upcoming European Union Deforestation Regulation (EUDR) is sending shockwaves through India's agricultural export community, particularly among coffee, cocoa, and spice growers in Karnataka and Kerala. The EUDR mandates strict plot-level GPS geolocation data and traceability verification to prove that exported commodities were not grown on land deforested after December 2020. Smallholder farmer cooperatives state that mapping thousands of fragmented, half-acre tribal holdings with precise polygon coordinates is technically and financially impossible without massive government subsidy. Exporters fear losing traditional European market share to larger corporate plantations in Vietnam and Brazil.",B-GD-045,None (Generalized MSMEs),N/A - No Firm Mentioned,N/A,2026-07-07,not-applicable,MSME-instance (target population under study)
FSSAI central licensing mandate creates dual compliance friction for export-oriented food processors,financialexpress.com,https://www.financialexpress.com/industry/fssai-licensing-dual-compliance-agri-exports/3012345/,20230928T090000Z,English,"(""APEDA"" OR ""FSSAI"") (export OR exporter OR MSME) compliance","Export-oriented food processing MSMEs in India are voicing concern over the overlapping regulatory mandates of the Food Safety and Standards Authority of India (FSSAI) and export promotion boards like APEDA and MPEDA. Recent statutory amendments require all 100 percent export-oriented units (EOUs) to obtain an FSSAI Central License and undergo mandatory annual safety audits, even when their entire production is bound for foreign markets with their own distinct SPS standards. Industry representatives argue that subjecting exporters to domestic FSSAI inspection alongside US FDA or EU DG SANTE audits creates unnecessary administrative duplication, informal rent-seeking, and shipment delays.",B-GD-046,None (Generalized MSMEs),N/A - No Firm Mentioned,N/A,2026-07-07,not-applicable,MSME-instance (target population under study)
Export Inspection Council Consignment Inspection Scheme delays hit multi-commodity exporters at JNPT port,timesofindia.indiatimes.com,https://timesofindia.indiatimes.com/city/mumbai/eic-inspection-delays-jnpt-port-agri-exports/articleshow/104567890.cms,20231030T100000Z,English,"(""EIC"" OR ""Export Inspection Council"") (export OR delay) India","Multi-commodity agricultural exporters shipping oilseeds, animal feed, and processed foods from JNPT port in Mumbai report recurring shipping line miss-outs due to delays under the Export Inspection Council's (EIC) Consignment Inspection Scheme (CIS). Under CIS rules, unapproved MSME exporters must subject every consignment to physical drawing of samples and laboratory analysis by Export Inspection Agency (EIA) officials before sealing. Exporters state that shortage of field inspection staff in the Mumbai zone often delays physical sampling by 3 to 4 days, causing containers to miss vessel cut-off dates and incurring heavy port ground rent.",B-GD-047,None (Generalized MSMEs),N/A - No Firm Mentioned,N/A,2026-07-07,not-applicable,MSME-instance (target population under study)
US FDA Foreign Supplier Verification Program audits place heavy compliance burden on Indian food MSMEs,economictimes.indiatimes.com,https://economictimes.indiatimes.com/news/economy/foreign-trade/us-fda-fsvp-audit-burden-indian-exporters/articleshow/107123456.cms,20240128T113000Z,English,"(FDA OR ""FSMA"" OR ""FSVP"") export compliance India","Under the US Food Safety Modernization Act (FSMA), the Foreign Supplier Verification Program (FSVP) is shifting significant compliance liabilities onto US importers, who in turn are demanding rigorous hazard analysis and preventive control documentation from Indian food exporting MSMEs. A Pune-based processed snack and ready-to-eat food exporter reported that US buyers now require annual third-party on-site preventive control audits, ingredient traceability logs, and food defense plans before placing orders. Small food manufacturers lacking English-proficient technical compliance officers report losing long-standing US export contracts to larger organized food conglomerates.",B-GD-048,None (Generalized MSMEs),N/A - No Firm Mentioned,N/A,2026-07-07,not-applicable,MSME-instance (target population under study)
CSDDD supply chain due diligence rules force European buyers to demand ESG audits from Indian suppliers,thehindubusinessline.com,https://www.thehindubusinessline.com/economy/csddd-esg-audit-rules-hit-indian-agri-exporters/article67987654.ece,20240305T144000Z,English,"(""CSDDD"" OR ""due diligence"" OR ""traceability"") India export MSME","The European Union's Corporate Sustainability Due Diligence Directive (CSDDD) is creating a new wave of non-tariff trade barriers for Indian agricultural and processed food MSMEs. To protect themselves from statutory European environmental and human rights liability, major EU food retailers and importers are requiring Indian suppliers to undergo extensive third-party ESG (Environmental, Social, and Governance) audits. Exporters in Kerala and Tamil Nadu state that verifying compliance across decentralized smallholder farming networks—including proving absence of child labor and monitoring agricultural groundwater usage—adds massive documentation overheads that small exporters cannot afford.",B-GD-049,None (Generalized MSMEs),N/A - No Firm Mentioned,N/A,2026-07-07,not-applicable,MSME-instance (target population under study)
Customs electronic Certificate of Origin portal timeouts delay preferential tariff clearance under bilateral FTAs,business-standard.com,https://www.business-standard.com/economy/logistics/e-coo-portal-timeouts-delay-fta-clearance-exporters-123112000456_1.html,20231120T095000Z,English,"(""DGFT"" OR ""portal"" OR ""customs"") exporter delay India","Indian exporters shipping spices, tea, and marine products to partner countries under bilateral Free Trade Agreements (FTAs)—including the UAE, Australia, and ASEAN—report severe operational delays due to frequent server timeouts on the common electronic Certificate of Origin (e-CoO) platform administered by DGFT. Without an electronically validated Certificate of Origin, foreign importers cannot claim preferential tariff exemptions at destination customs checkpoints. MSME exporters report that e-CoO application processing delays of up to 72 hours have resulted in destination port demurrage and temporary withholding of buyer payments.",B-GD-050,None (Generalized MSMEs),N/A - No Firm Mentioned,N/A,2026-07-07,not-applicable,MSME-instance (target population under study)
High cost of NABL and ISO 17025 accreditation prevents regional test labs from serving MSME exporters,livemint.com,https://www.livemint.com/industry/nabl-iso-17025-accreditation-costs-hit-agri-test-labs-11695678901234.html,20230925T131000Z,English,"(""testing"" OR ""laboratory"" OR ""quality"") MSME exporter India","While international food safety agencies and importing country authorities strictly mandate test reports from ISO/IEC 17025 and NABL-accredited laboratories, private independent testing laboratories in Tier-2 and Tier-3 agricultural hubs report that high accreditation maintenance costs restrict their service expansion. Laboratory directors in Guntur, Indore, and Rajkot state that annual NABL assessment fees, proficiency testing programs, and importing expensive calibrated reference standards make it unviable to offer accredited testing at low rates. Consequently, MSME exporters in hinterland agricultural clusters must pay premium testing rates to large laboratory chains in metropolitan centers.",B-GD-051,None (Generalized MSMEs),N/A - No Firm Mentioned,N/A,2026-07-07,not-applicable,MSME-instance (target population under study)
DGFT Quality Control Orders on food packaging materials create supply chain bottlenecks for food exporters,financialexpress.com,https://www.financialexpress.com/industry/dgft-qco-packaging-rules-hit-food-exporters/3078901/,20240208T110000Z,English,"(""DGFT"" OR ""Quality Control Order"" OR ""QCO"") export MSME",Recent Quality Control Orders (QCOs) notified by the Department for Promotion of Industry and Internal Trade (DPIIT) and enforced by DGFT regarding mandatory BIS (Bureau of Indian Standards) certification for polymer and tin-plate food packaging materials have triggered unintended supply chain bottlenecks for processed food exporters. MSME food exporters report that specialty food-grade packaging materials and barrier films previously imported or sourced from regional manufacturers are facing severe shortages due to pending BIS factory inspection clearances. Processing plants in Maharashtra and Delhi report production halts due to non-availability of compliant export packaging cans and pouches.,B-GD-052,None (Generalized MSMEs),N/A - No Firm Mentioned,N/A,2026-07-07,not-applicable,MSME-instance (target population under study)
Mismatch between DGFT RCMC data and customs ICEGATE database leads to cargo holds at Chennai port,thehindu.com,https://www.thehindu.com/business/economy/dgft-rcmc-icegate-mismatch-holds-cargo-chennai/article67456791.ece,20231018T152000Z,English,"(""ICEGATE"" OR ""RCMC"" OR ""DGFT"") export delay India","Hundreds of export shipping bills covering agricultural, spice, and marine shipments were blocked by the customs automated ICEGATE system at Chennai and Tuticorin ports due to data synchronization errors with the Directorate General of Foreign Trade (DGFT) Registration-cum-Membership Certificate (RCMC) database. Although exporters had renewed their RCMC memberships with APEDA and MPEDA, the automated validation protocol flagged error code E-107, citing 'Invalid RCMC Validity Date'. Exporters were forced to physically visit regional DGFT and customs EDI systems to manually override the validation mismatch, missing weekend sailing schedules.",B-GD-053,None (Generalized MSMEs),N/A - No Firm Mentioned,N/A,2026-07-07,not-applicable,MSME-instance (target population under study)
Unannounced US FDA foreign facility inspections in Gujarat result in Form 483 observations for food MSMEs,timesofindia.indiatimes.com,https://timesofindia.indiatimes.com/city/ahmedabad/us-fda-unannounced-inspections-gujarat-food-units/articleshow/106543219.cms,20240110T093000Z,English,"(FDA OR ""inspection"") export food MSME India","The US Food and Drug Administration (FDA) has resumed unannounced on-site surveillance inspections of registered foreign food manufacturing facilities across Gujarat and Maharashtra under FSMA authority. Several regional MSME processed food and spice grinding units were issued FDA Form 483 inspectional observations citing deficiencies in hazard analysis, allergen cross-contact prevention, and sanitary equipment design. Food technologists note that while large multinational food processors maintain permanent regulatory affairs teams to escort US investigators and address Form 483 observations within the mandatory 15-day window, small food manufacturers struggle with technical compliance responses, risking import alerts.",B-GD-054,None (Generalized MSMEs),N/A - No Firm Mentioned,N/A,2026-07-07,not-applicable,MSME-instance (target population under study)
MSME ZED sustainable certification subsidies fail to reach grassroots FPOs due to complex portal procedures,economictimes.indiatimes.com,https://economictimes.indiatimes.com/small-biz/sme-sector/msme-zed-certification-subsidy-hurdles-fpos/articleshow/103210987.cms,20230905T124000Z,English,"(""MSME"" OR ""ZED"" OR ""certification"") export subsidy India","The Ministry of MSME's Zero Defect Zero Effect (ZED) sustainable certification scheme, designed to provide up to 80 percent financial subsidies for small enterprises adopting ISO, HACCP, and eco-friendly manufacturing practices, is facing low adoption rates among agricultural Farmer Producer Organizations (FPOs) and rural food processors. An empirical survey across Madhya Pradesh and Rajasthan revealed that cumbersome online portal documentation, mandatory Udyam registration linking, and upfront payment requirements for assessment agencies act as major deterrents. Rural FPO representatives urge NITI Aayog and the MSME Ministry to introduce single-window district-level assistance cells.",B-GD-055,None (Generalized MSMEs),N/A - No Firm Mentioned,N/A,2026-07-07,not-applicable,MSME-instance (target population under study)
Companies Act Section 135 CSR funds deployed by large agribusinesses highlight cold-chain gap for MSMEs,business-standard.com,https://www.business-standard.com/companies/news/csr-funds-agribusiness-cold-chain-infrastructure-gap-123120500456_1.html,20231205T101500Z,English,"(""CSR"" OR ""Section 135"" OR ""cold chain"") agri export India","An analysis of National CSR Portal filings under Section 135 of the Companies Act indicates that large listed agricultural and food processing corporations are increasingly directing corporate social responsibility (CSR) allocations toward establishing solar-powered cold storage and packhouse infrastructure in their direct farm catchment areas. While this integration strengthens supply chain resilience for corporate contract farmers, standalone MSME exporters and independent farmer cooperatives report widening infrastructure disparity. Lacking captive CSR capital or access to affordable institutional credit, independent MSME exporters continue to experience high post-harvest transit spoilage during export logistics.",B-GD-056,None (Generalized MSMEs),N/A - No Firm Mentioned,N/A,2026-07-07,not-applicable,MSME-instance (target population under study)
Shifting European Union MRL default thresholds for agricultural pesticides create compliance uncertainty,livemint.com,https://www.livemint.com/economy/eu-mrl-default-thresholds-hit-indian-agri-exports-11702345678901.html,20231218T150000Z,English,"(""MRL"" OR ""pesticide residue"" OR ""DG SANTE"") export India","Indian agricultural exporters shipping basmati rice, tea, spices, and horticulture produce to the European Union face persistent compliance uncertainty due to the European Commission's continuous revision of Maximum Residue Limits (MRLs). When the EU removes approval for an active agrochemical substance, the MRL is automatically lowered to the analytical limit of quantification (LOQ) default threshold of 0.01 ppm. Exporter associations argue that because agricultural crop cycles in India span several months, sudden EU MRL reductions enact de facto retrospective trade barriers on harvested produce, causing multi-million dollar container rejections at European ports.",B-GD-057,None (Generalized MSMEs),N/A - No Firm Mentioned,N/A,2026-07-07,not-applicable,MSME-instance (target population under study)
ICEGATE error E-002 freezes shipping bills and RoDTEP scrip generation for Maharashtra organic exporters,thehindubusinessline.com,https://www.thehindubusinessline.com/economy/logistics/icegate-error-e002-freezes-shipping-bills-maharashtra/article67890125.ece,20240222T112000Z,English,"(""ICEGATE"" OR ""RoDTEP"" OR ""shipping bill"") exporter delay India","Organic food and spice exporters in Pune and Nashik, Maharashtra, report widespread disruption to export financial settlements due to recurring Error E-002 on the customs ICEGATE portal. The automated error occurs when there is a minor character mismatch between the exporter's bank account name and the authorized AD Code registered with customs EDI. Consequently, shipping bills are blocked from general export clearance and RoDTEP tax remission scrips are frozen indefinitely. MSME exporters note that resolving Error E-002 requires physical petitioning at customs port collectorates in Mumbai, draining valuable administrative time.",B-GD-058,None (Generalized MSMEs),N/A - No Firm Mentioned,N/A,2026-07-07,not-applicable,MSME-instance (target population under study)
US FDA Import Alert 16-81 on salmonella in marine products triggers 100 percent testing at US ports,financialexpress.com,https://www.financialexpress.com/economy/us-fda-import-alert-16-81-salmonella-indian-seafood/3089012/,20240302T134500Z,English,"(FDA OR ""Import Alert"") (seafood OR shrimp OR salmonella) India","Indian marine exporters are facing heightened border surveillance under US Food and Drug Administration (FDA) Import Alert 16-81, which targets frozen seafood consignments suspected of salmonella contamination. When an MSME processing plant in Andhra Pradesh or Kerala is placed on Import Alert 16-81, all subsequent shipments are detained without physical examination at US ports of entry until private certified laboratory analysis proves negative for pathogenic salmonella. Seafood export aggregators state that private US lab testing takes up to 12 working days, during which exporters incur heavy refrigerated container demurrage charges.",B-GD-059,None (Generalized MSMEs),N/A - No Firm Mentioned,N/A,2026-07-07,not-applicable,MSME-instance (target population under study)
APEDA NPOP organic certification integrity audits by EU authorities cause shipment holds at Indian ports,economictimes.indiatimes.com,https://economictimes.indiatimes.com/news/economy/foreign-trade/eu-npop-audit-holds-indian-organic-exports/articleshow/108123457.cms,20240312T101000Z,English,"(""APEDA"" OR ""NPOP"" OR ""organic"") export delay India","In response to European Commission audits scrutinizing the integrity of India's National Programme for Organic Production (NPOP), APEDA has introduced stringent pre-export physical verification and sampling mandates for organic consignments. Every shipment of organic sesame, soy meal, and medicinal herbs bound for the EU must undergo mandatory sampling by authorized inspection agencies before port customs sealing. MSME organic exporters in Madhya Pradesh and Gujarat report that shortage of field inspectors has created a 7-to-10 day waiting period for container sealing, causing shipments to miss contracted vessel departure dates.",B-GD-060,None (Generalized MSMEs),N/A - No Firm Mentioned,N/A,2026-07-07,not-applicable,MSME-instance (target population under study)
Spices Board ETO testing mandate creates container congestion at Cochin and Tuticorin port terminals,thehindu.com,https://www.thehindu.com/news/national/kerala/spices-board-eto-testing-congestion-cochin-port/article68012345.ece,20240430T154000Z,English,"(""Spices Board"" OR ""testing"" OR ""port"") delay India export","The mandatory ethylene oxide (EtO) pre-shipment testing protocol enforced by the Spices Board of India following international recalls has led to acute container congestion and warehousing shortages at Cochin and Tuticorin port terminals. Because customs authorities prohibit export container stuffing without an accompanying Spices Board analytical clearance certificate, thousands of bags of black pepper, cardamom, and chilli powder are piled up in port godowns awaiting lab results. MSME exporters warn that prolonged exposure to high coastal humidity in port warehouses is increasing moisture content and mold risks in stored spices.",B-GD-061,None (Generalized MSMEs),N/A - No Firm Mentioned,N/A,2026-07-07,not-applicable,MSME-instance (target population under study)
FSSAI FoSCoS portal server timeouts disrupt annual export license renewals for food processing units,timesofindia.indiatimes.com,https://timesofindia.indiatimes.com/city/delhi/fssai-foscos-portal-glitch-delays-export-licenses/articleshow/109234568.cms,20240505T091500Z,English,"(""FSSAI"" OR ""FoSCoS"" OR ""portal"") delay food exporter","Food processing MSMEs and export-oriented units (EOUs) across northern India report significant operational disruptions due to persistent server timeouts and payment gateway failures on FSSAI's Food Safety Compliance System (FoSCoS) portal. During the annual license renewal cycle, exporters attempting to upload mandatory water testing reports and medical fitness certificates encountered recurring 504 Gateway Timeout errors. With customs ICEGATE automated systems requiring an active FSSAI license for export food consignments, several food processing MSMEs experienced temporary export shipping bill freezes at Delhi and Kandla dry ports.",B-GD-062,None (Generalized MSMEs),N/A - No Firm Mentioned,N/A,2026-07-07,not-applicable,MSME-instance (target population under study)
