chunk_id,parent_doc_id,corpus_tier,page_range,word_range,word_count,chunk_path,parent_dqa_score,parent_locus_tag,parent_verification_logic
A-RES-100-C01,A-RES-100,A,Page 1 to Page 2,1 - 330,330,CorpusA_Chunks\A-RES-100\A-RES-100-C01.txt,"A,A,A,A,A,A",supplychain_research-compliance-framework,direct-institutional-or-academic-extraction
A-RES-100-C06,A-RES-100,A,Page 9,1548 - 1898,351,CorpusA_Chunks\A-RES-100\A-RES-100-C06.txt,"A,A,A,A,A,A",supplychain_research-compliance-framework,direct-institutional-or-academic-extraction
A-RES-100-C11,A-RES-100,A,Page 15 to Page 16,3199 - 3547,349,CorpusA_Chunks\A-RES-100\A-RES-100-C11.txt,"A,A,A,A,A,A",supplychain_research-compliance-framework,direct-institutional-or-academic-extraction
A-RES-100-C17,A-RES-100,A,Page 26 to Page 27,4981 - 5230,250,CorpusA_Chunks\A-RES-100\A-RES-100-C17.txt,"A,A,A,A,A,A",supplychain_research-compliance-framework,direct-institutional-or-academic-extraction
A-RES-100-C22,A-RES-100,A,Page 34 to Page 35,6365 - 6614,250,CorpusA_Chunks\A-RES-100\A-RES-100-C22.txt,"A,A,A,A,A,A",supplychain_research-compliance-framework,direct-institutional-or-academic-extraction
A-RES-100-C28,A-RES-100,A,Page 43 to Page 44,8075 - 8203,129,CorpusA_Chunks\A-RES-100\A-RES-100-C28.txt,"A,A,A,A,A,A",supplychain_research-compliance-framework,direct-institutional-or-academic-extraction
A-APEDA-102-C01,A-APEDA-102,A,Page 1,1 - 374,374,CorpusA_Chunks\A-APEDA-102\A-APEDA-102-C01.txt,"A,M,M,A,M,M",apeda-compliance-framework,direct-institutional-or-academic-extraction
A-APEDA-102-C02,A-APEDA-102,A,Page 2,375 - 582,208,CorpusA_Chunks\A-APEDA-102\A-APEDA-102-C02.txt,"A,M,M,A,M,M",apeda-compliance-framework,direct-institutional-or-academic-extraction
A-APEDA-001-C01,A-APEDA-001,A,N/A (Web Scraped / Text Extract),1 - 250,250,CorpusA_Chunks\A-APEDA-001\A-APEDA-001-C01.txt,"A,A,A,A,A,A",organic-certification-framework,third-party-accreditation-and-farm-inspection
A-APEDA-001-C05,A-APEDA-001,A,N/A (Web Scraped / Text Extract),1001 - 1250,250,CorpusA_Chunks\A-APEDA-001\A-APEDA-001-C05.txt,"A,A,A,A,A,A",organic-certification-framework,third-party-accreditation-and-farm-inspection
A-APEDA-001-C09,A-APEDA-001,A,N/A (Web Scraped / Text Extract),2001 - 2380,380,CorpusA_Chunks\A-APEDA-001\A-APEDA-001-C09.txt,"A,A,A,A,A,A",organic-certification-framework,third-party-accreditation-and-farm-inspection
A-APEDA-002-C01,A-APEDA-002,A,N/A (Web Scraped / Text Extract),1 - 250,250,CorpusA_Chunks\A-APEDA-002\A-APEDA-002-C01.txt,"A,A,A,A,A,A",value-added-export-guidelines,plant-hygiene-and-haccp-compliance
A-APEDA-002-C02,A-APEDA-002,A,N/A (Web Scraped / Text Extract),251 - 591,341,CorpusA_Chunks\A-APEDA-002\A-APEDA-002-C02.txt,"A,A,A,A,A,A",value-added-export-guidelines,plant-hygiene-and-haccp-compliance
A-APEDA-005-C01,A-APEDA-005,A,N/A (Web Scraped / Text Extract),1 - 250,250,CorpusA_Chunks\A-APEDA-005\A-APEDA-005-C01.txt,"A,A,A,A,A,A",organic-export-governance,npop-equivalence-and-coi-validation
A-APEDA-005-C02,A-APEDA-005,A,N/A (Web Scraped / Text Extract),251 - 580,330,CorpusA_Chunks\A-APEDA-005\A-APEDA-005-C02.txt,"A,A,A,A,A,A",organic-export-governance,npop-equivalence-and-coi-validation
A-APEDA-007-C01,A-APEDA-007,A,N/A (Web Scraped / Text Extract),1 - 250,250,CorpusA_Chunks\A-APEDA-007\A-APEDA-007-C01.txt,"A,A,A,A,A,A",cereals-export-protocol,phytosanitary-and-pesticide-mrl-screening
A-APEDA-007-C04,A-APEDA-007,A,N/A (Web Scraped / Text Extract),751 - 1140,390,CorpusA_Chunks\A-APEDA-007\A-APEDA-007-C04.txt,"A,A,A,A,A,A",cereals-export-protocol,phytosanitary-and-pesticide-mrl-screening
A-APEDA-008-C01,A-APEDA-008,A,N/A (Web Scraped / Text Extract),1 - 250,250,CorpusA_Chunks\A-APEDA-008\A-APEDA-008-C01.txt,"A,A,A,A,A,A",fresh-produce-hortinet,packhouse-recognition-and-orchard-registration
A-APEDA-008-C04,A-APEDA-008,A,N/A (Web Scraped / Text Extract),751 - 1134,384,CorpusA_Chunks\A-APEDA-008\A-APEDA-008-C04.txt,"A,A,A,A,A,A",fresh-produce-hortinet,packhouse-recognition-and-orchard-registration
A-APEDA-009-C01,A-APEDA-009,A,N/A (Web Scraped / Text Extract),1 - 250,250,CorpusA_Chunks\A-APEDA-009\A-APEDA-009-C01.txt,"A,A,A,A,A,A",animal-products-governance,abattoir-haccp-and-ante-mortem-inspection
A-APEDA-009-C03,A-APEDA-009,A,N/A (Web Scraped / Text Extract),501 - 707,207,CorpusA_Chunks\A-APEDA-009\A-APEDA-009-C03.txt,"A,A,A,A,A,A",animal-products-governance,abattoir-haccp-and-ante-mortem-inspection
A-APEDA-010-C01,A-APEDA-010,A,N/A (Web Scraped / Text Extract),1 - 250,250,CorpusA_Chunks\A-APEDA-010\A-APEDA-010-C01.txt,"A,A,A,A,A,A",floriculture-seeds-protocol,cold-chain-maintenance-and-quarantine-clearance
A-APEDA-010-C02,A-APEDA-010,A,N/A (Web Scraped / Text Extract),251 - 468,218,CorpusA_Chunks\A-APEDA-010\A-APEDA-010-C02.txt,"A,A,A,A,A,A",floriculture-seeds-protocol,cold-chain-maintenance-and-quarantine-clearance
A-FSSAI-001-C01,A-FSSAI-001,A,Page 1,1 - 250,250,CorpusA_Chunks\A-FSSAI-001\A-FSSAI-001-C01.txt,"A,A,A,A,A,A",domestic-manufacturing-licensing,schedule-4-sanitary-hygiene-and-haccp-mandate
A-FSSAI-001-C12,A-FSSAI-001,A,Page 5,2906 - 3155,250,CorpusA_Chunks\A-FSSAI-001\A-FSSAI-001-C12.txt,"A,A,A,A,A,A",domestic-manufacturing-licensing,schedule-4-sanitary-hygiene-and-haccp-mandate
A-FSSAI-001-C24,A-FSSAI-001,A,Page 13 to Page 14,6087 - 6336,250,CorpusA_Chunks\A-FSSAI-001\A-FSSAI-001-C24.txt,"A,A,A,A,A,A",domestic-manufacturing-licensing,schedule-4-sanitary-hygiene-and-haccp-mandate
A-FSSAI-001-C35,A-FSSAI-001,A,Page 23,9107 - 9356,250,CorpusA_Chunks\A-FSSAI-001\A-FSSAI-001-C35.txt,"A,A,A,A,A,A",domestic-manufacturing-licensing,schedule-4-sanitary-hygiene-and-haccp-mandate
A-FSSAI-001-C47,A-FSSAI-001,A,Page 27 to Page 28,12252 - 12501,250,CorpusA_Chunks\A-FSSAI-001\A-FSSAI-001-C47.txt,"A,A,A,A,A,A",domestic-manufacturing-licensing,schedule-4-sanitary-hygiene-and-haccp-mandate
A-FSSAI-001-C58,A-FSSAI-001,A,Page 32,15277 - 15526,250,CorpusA_Chunks\A-FSSAI-001\A-FSSAI-001-C58.txt,"A,A,A,A,A,A",domestic-manufacturing-licensing,schedule-4-sanitary-hygiene-and-haccp-mandate
A-FSSAI-001-C70,A-FSSAI-001,A,Page 36,18423 - 18672,250,CorpusA_Chunks\A-FSSAI-001\A-FSSAI-001-C70.txt,"A,A,A,A,A,A",domestic-manufacturing-licensing,schedule-4-sanitary-hygiene-and-haccp-mandate
A-FSSAI-001-C81,A-FSSAI-001,A,Page 40,21340 - 21589,250,CorpusA_Chunks\A-FSSAI-001\A-FSSAI-001-C81.txt,"A,A,A,A,A,A",domestic-manufacturing-licensing,schedule-4-sanitary-hygiene-and-haccp-mandate
A-FSSAI-001-C93,A-FSSAI-001,A,Page 44 to Page 45,24642 - 24891,250,CorpusA_Chunks\A-FSSAI-001\A-FSSAI-001-C93.txt,"A,A,A,A,A,A",domestic-manufacturing-licensing,schedule-4-sanitary-hygiene-and-haccp-mandate
A-FSSAI-001-C104,A-FSSAI-001,A,Page 48,27512 - 27761,250,CorpusA_Chunks\A-FSSAI-001\A-FSSAI-001-C104.txt,"A,A,A,A,A,A",domestic-manufacturing-licensing,schedule-4-sanitary-hygiene-and-haccp-mandate
A-FSSAI-001-C116,A-FSSAI-001,A,Page 54,30665 - 31042,378,CorpusA_Chunks\A-FSSAI-001\A-FSSAI-001-C116.txt,"A,A,A,A,A,A",domestic-manufacturing-licensing,schedule-4-sanitary-hygiene-and-haccp-mandate
A-IEC-001-C01,A-IEC-001,A,N/A (Web Scraped / Text Extract),1 - 300,300,CorpusA_Chunks\A-IEC-001\A-IEC-001-C01.txt,"A,A,A,A,A,A",iec-marine-eu-us-exporters,iec-cross-reference-sante-oasis-marine
A-IEC-001-C02,A-IEC-001,A,N/A (Web Scraped / Text Extract),301 - 484,184,CorpusA_Chunks\A-IEC-001\A-IEC-001-C02.txt,"A,A,A,A,A,A",iec-marine-eu-us-exporters,iec-cross-reference-sante-oasis-marine
A-IEC-002-C01,A-IEC-002,A,N/A (Web Scraped / Text Extract),1 - 289,289,CorpusA_Chunks\A-IEC-002\A-IEC-002-C01.txt,"A,A,A,A,A,A",iec-spices-us-eu-exporters,iec-cross-reference-oasis-rasff-spices
A-IEC-002-C02,A-IEC-002,A,N/A (Web Scraped / Text Extract),290 - 471,182,CorpusA_Chunks\A-IEC-002\A-IEC-002-C02.txt,"A,A,A,A,A,A",iec-spices-us-eu-exporters,iec-cross-reference-oasis-rasff-spices
A-IEC-003-C01,A-IEC-003,A,N/A (Web Scraped / Text Extract),1 - 280,280,CorpusA_Chunks\A-IEC-003\A-IEC-003-C01.txt,"A,A,A,A,A,A",iec-rice-processed-eu-us-exporters,iec-cross-reference-tracenet-fsma-rice
A-IEC-003-C02,A-IEC-003,A,N/A (Web Scraped / Text Extract),281 - 466,186,CorpusA_Chunks\A-IEC-003\A-IEC-003-C02.txt,"A,A,A,A,A,A",iec-rice-processed-eu-us-exporters,iec-cross-reference-tracenet-fsma-rice
A-IEC-004-C01,A-IEC-004,A,N/A (Web Scraped / Text Extract),1 - 280,280,CorpusA_Chunks\A-IEC-004\A-IEC-004-C01.txt,"A,A,A,A,A,A",iec-horticulture-eu-us-exporters,iec-cross-reference-hortinet-eudr-produce
A-IEC-004-C02,A-IEC-004,A,N/A (Web Scraped / Text Extract),281 - 471,191,CorpusA_Chunks\A-IEC-004\A-IEC-004-C02.txt,"A,A,A,A,A,A",iec-horticulture-eu-us-exporters,iec-cross-reference-hortinet-eudr-produce
A-MPEDA-001-C01,A-MPEDA-001,A,N/A (Web Scraped / Text Extract),1 - 250,250,CorpusA_Chunks\A-MPEDA-001\A-MPEDA-001-C01.txt,"A,A,A,A,A,A",exporters-registration-portal,statutory-mpeda-rcmc-issuance-protocol
A-MPEDA-001-C02,A-MPEDA-001,A,N/A (Web Scraped / Text Extract),251 - 494,244,CorpusA_Chunks\A-MPEDA-001\A-MPEDA-001-C02.txt,"A,A,A,A,A,A",exporters-registration-portal,statutory-mpeda-rcmc-issuance-protocol
A-MPEDA-003-C01,A-MPEDA-003,A,Page 1,1 - 305,305,CorpusA_Chunks\A-MPEDA-003\A-MPEDA-003-C01.txt,"A,A,A,A,A,A",regulatory-vigilance-protocol,unannounced-processing-plant-surveillance
A-MPEDA-003-C02,A-MPEDA-003,A,Page 2,306 - 424,119,CorpusA_Chunks\A-MPEDA-003\A-MPEDA-003-C02.txt,"A,A,A,A,A,A",regulatory-vigilance-protocol,unannounced-processing-plant-surveillance
A-MPEDA-004-C01,A-MPEDA-004,A,Page 1 to Page 3,1 - 320,320,CorpusA_Chunks\A-MPEDA-004\A-MPEDA-004-C01.txt,"A,A,A,A,A,A",export-impact-evaluation,marine-trade-policy-assessment-metrics
A-MPEDA-004-C11,A-MPEDA-004,A,Page 15,3078 - 3377,300,CorpusA_Chunks\A-MPEDA-004\A-MPEDA-004-C11.txt,"A,A,A,A,A,A",export-impact-evaluation,marine-trade-policy-assessment-metrics
A-MPEDA-004-C21,A-MPEDA-004,A,Page 23 to Page 24,5885 - 6134,250,CorpusA_Chunks\A-MPEDA-004\A-MPEDA-004-C21.txt,"A,A,A,A,A,A",export-impact-evaluation,marine-trade-policy-assessment-metrics
A-MPEDA-004-C32,A-MPEDA-004,A,Page 36 to Page 38,8961 - 9215,255,CorpusA_Chunks\A-MPEDA-004\A-MPEDA-004-C32.txt,"A,A,A,A,A,A",export-impact-evaluation,marine-trade-policy-assessment-metrics
A-MPEDA-004-C42,A-MPEDA-004,A,Page 49 to Page 50,12017 - 12266,250,CorpusA_Chunks\A-MPEDA-004\A-MPEDA-004-C42.txt,"A,A,A,A,A,A",export-impact-evaluation,marine-trade-policy-assessment-metrics
A-MPEDA-004-C52,A-MPEDA-004,A,Page 60 to Page 61,15098 - 15367,270,CorpusA_Chunks\A-MPEDA-004\A-MPEDA-004-C52.txt,"A,A,A,A,A,A",export-impact-evaluation,marine-trade-policy-assessment-metrics
A-MPEDA-004-C63,A-MPEDA-004,A,Page 76 to Page 77,18062 - 18439,378,CorpusA_Chunks\A-MPEDA-004\A-MPEDA-004-C63.txt,"A,A,A,A,A,A",export-impact-evaluation,marine-trade-policy-assessment-metrics
A-MPEDA-004-C73,A-MPEDA-004,A,Page 90 to Page 91,20815 - 21064,250,CorpusA_Chunks\A-MPEDA-004\A-MPEDA-004-C73.txt,"A,A,A,A,A,A",export-impact-evaluation,marine-trade-policy-assessment-metrics
A-MPEDA-004-C83,A-MPEDA-004,A,Page 100 to Page 101,23375 - 23624,250,CorpusA_Chunks\A-MPEDA-004\A-MPEDA-004-C83.txt,"A,A,A,A,A,A",export-impact-evaluation,marine-trade-policy-assessment-metrics
A-MPEDA-004-C94,A-MPEDA-004,A,Page 112,26363 - 26608,246,CorpusA_Chunks\A-MPEDA-004\A-MPEDA-004-C94.txt,"A,A,A,A,A,A",export-impact-evaluation,marine-trade-policy-assessment-metrics
A-SPICE-001-C01,A-SPICE-001,A,N/A (Web Scraped / Text Extract),1 - 250,250,CorpusA_Chunks\A-SPICE-001\A-SPICE-001-C01.txt,"A,A,A,A,A,A",digital-export-services,ess-online-certificate-and-sampling-request
A-SPICE-001-C03,A-SPICE-001,A,N/A (Web Scraped / Text Extract),501 - 750,250,CorpusA_Chunks\A-SPICE-001\A-SPICE-001-C03.txt,"A,A,A,A,A,A",digital-export-services,ess-online-certificate-and-sampling-request
A-SPICE-001-C06,A-SPICE-001,A,N/A (Web Scraped / Text Extract),1359 - 1606,248,CorpusA_Chunks\A-SPICE-001\A-SPICE-001-C06.txt,"A,A,A,A,A,A",digital-export-services,ess-online-certificate-and-sampling-request
A-SPICE-002-C01,A-SPICE-002,A,Page 1,1 - 340,340,CorpusA_Chunks\A-SPICE-002\A-SPICE-002-C01.txt,"A,A,A,A,A,A",exporter-registration-rcmc,statutory-spices-board-licensing-verification
A-SPICE-002-C03,A-SPICE-002,A,Page 3,694 - 874,181,CorpusA_Chunks\A-SPICE-002\A-SPICE-002-C03.txt,"A,A,A,A,A,A",exporter-registration-rcmc,statutory-spices-board-licensing-verification
A-SPICE-003-C01,A-SPICE-003,A,Page 1,1 - 395,395,CorpusA_Chunks\A-SPICE-003\A-SPICE-003-C01.txt,"A,A,A,A,A,A",analytical-testing-matrix,qel-laboratory-multi-residue-pesticide-screen
A-SPICE-003-C02,A-SPICE-003,A,Page 2,396 - 608,213,CorpusA_Chunks\A-SPICE-003\A-SPICE-003-C02.txt,"A,A,A,A,A,A",analytical-testing-matrix,qel-laboratory-multi-residue-pesticide-screen
A-SPICE-004-C01,A-SPICE-004,A,Page 1,1 - 347,347,CorpusA_Chunks\A-SPICE-004\A-SPICE-004-C01.txt,"A,A,A,A,A,A",quality-evaluation-labs,iso-17025-accredited-instrumental-analysis
A-SPICE-004-C04,A-SPICE-004,A,Page 4,964 - 1127,164,CorpusA_Chunks\A-SPICE-004\A-SPICE-004-C04.txt,"A,A,A,A,A,A",quality-evaluation-labs,iso-17025-accredited-instrumental-analysis
A-SPICE-005-C01,A-SPICE-005,A,Page 2,1 - 250,250,CorpusA_Chunks\A-SPICE-005\A-SPICE-005-C01.txt,"A,A,A,A,A,A",eu-spices-export-protocol,mandatory-eto-and-aflatoxin-sampling-scheme
A-SPICE-005-C07,A-SPICE-005,A,Page 4,1670 - 1919,250,CorpusA_Chunks\A-SPICE-005\A-SPICE-005-C07.txt,"A,A,A,A,A,A",eu-spices-export-protocol,mandatory-eto-and-aflatoxin-sampling-scheme
A-SPICE-005-C14,A-SPICE-005,A,Page 7,3651 - 3905,255,CorpusA_Chunks\A-SPICE-005\A-SPICE-005-C14.txt,"A,A,A,A,A,A",eu-spices-export-protocol,mandatory-eto-and-aflatoxin-sampling-scheme
A-SPICE-005-C21,A-SPICE-005,A,Page 14,5526 - 5829,304,CorpusA_Chunks\A-SPICE-005\A-SPICE-005-C21.txt,"A,A,A,A,A,A",eu-spices-export-protocol,mandatory-eto-and-aflatoxin-sampling-scheme
A-SPICE-005-C28,A-SPICE-005,A,Page 20,7479 - 7732,254,CorpusA_Chunks\A-SPICE-005\A-SPICE-005-C28.txt,"A,A,A,A,A,A",eu-spices-export-protocol,mandatory-eto-and-aflatoxin-sampling-scheme
A-SPICE-005-C35,A-SPICE-005,A,Page 25 to Page 26,9235 - 9563,329,CorpusA_Chunks\A-SPICE-005\A-SPICE-005-C35.txt,"A,A,A,A,A,A",eu-spices-export-protocol,mandatory-eto-and-aflatoxin-sampling-scheme
A-SPICE-006-C01,A-SPICE-006,A,Page 1,1 - 289,289,CorpusA_Chunks\A-SPICE-006\A-SPICE-006-C01.txt,"A,A,A,A,A,A",usa-salmonella-testing,mandatory-pathogen-absence-testing-in-25g
A-SPICE-006-C03,A-SPICE-006,A,Page 3,579 - 862,284,CorpusA_Chunks\A-SPICE-006\A-SPICE-006-C03.txt,"A,A,A,A,A,A",usa-salmonella-testing,mandatory-pathogen-absence-testing-in-25g
A-SPICE-006-C05,A-SPICE-006,A,Page 5,1113 - 1383,271,CorpusA_Chunks\A-SPICE-006\A-SPICE-006-C05.txt,"A,A,A,A,A,A",usa-salmonella-testing,mandatory-pathogen-absence-testing-in-25g
B-GD-001-C01,B-GD-001,B,N/A (Web Scraped / Text Extract),1 - 298,298,CorpusB_Chunks\B-GD-001\B-GD-001-C01.txt,"M,A,A,A,A,A",gdelt-seafood-dwpe-alerts,media-signaling-and-border-rejections (external trade friction)
B-GD-001-C03,B-GD-001,B,N/A (Web Scraped / Text Extract),558 - 665,108,CorpusB_Chunks\B-GD-001\B-GD-001-C03.txt,"M,A,A,A,A,A",gdelt-seafood-dwpe-alerts,media-signaling-and-border-rejections (external trade friction)
B-GD-002-C01,B-GD-002,B,N/A (Web Scraped / Text Extract),1 - 264,264,CorpusB_Chunks\B-GD-002\B-GD-002-C01.txt,"M,A,A,A,A,A",gdelt-seafood-dwpe-alerts,media-signaling-and-border-rejections (external trade friction)
B-GD-002-C02,B-GD-002,B,N/A (Web Scraped / Text Extract),265 - 447,183,CorpusB_Chunks\B-GD-002\B-GD-002-C02.txt,"M,A,A,A,A,A",gdelt-seafood-dwpe-alerts,media-signaling-and-border-rejections (external trade friction)
B-GD-006-C01,B-GD-006,B,N/A (Web Scraped / Text Extract),1 - 250,250,CorpusB_Chunks\B-GD-006\B-GD-006-C01.txt,"M,A,A,A,A,A",gdelt-seafood-dwpe-alerts,media-signaling-and-border-rejections (external trade friction)
B-GD-006-C03,B-GD-006,B,N/A (Web Scraped / Text Extract),623 - 883,261,CorpusB_Chunks\B-GD-006\B-GD-006-C03.txt,"M,A,A,A,A,A",gdelt-seafood-dwpe-alerts,media-signaling-and-border-rejections (external trade friction)
B-GD-006-C05,B-GD-006,B,N/A (Web Scraped / Text Extract),1164 - 1320,157,CorpusB_Chunks\B-GD-006\B-GD-006-C05.txt,"M,A,A,A,A,A",gdelt-seafood-dwpe-alerts,media-signaling-and-border-rejections (external trade friction)
B-GD-007-C01,B-GD-007,B,N/A (Web Scraped / Text Extract),1 - 250,250,CorpusB_Chunks\B-GD-007\B-GD-007-C01.txt,"M,A,A,A,A,A",gdelt-seafood-dwpe-alerts,media-signaling-and-border-rejections (external trade friction)
B-GD-007-C06,B-GD-007,B,N/A (Web Scraped / Text Extract),1342 - 1591,250,CorpusB_Chunks\B-GD-007\B-GD-007-C06.txt,"M,A,A,A,A,A",gdelt-seafood-dwpe-alerts,media-signaling-and-border-rejections (external trade friction)
B-GD-007-C11,B-GD-007,B,N/A (Web Scraped / Text Extract),2805 - 3090,286,CorpusB_Chunks\B-GD-007\B-GD-007-C11.txt,"M,A,A,A,A,A",gdelt-seafood-dwpe-alerts,media-signaling-and-border-rejections (external trade friction)
B-GD-007-C16,B-GD-007,B,N/A (Web Scraped / Text Extract),4097 - 4457,361,CorpusB_Chunks\B-GD-007\B-GD-007-C16.txt,"M,A,A,A,A,A",gdelt-seafood-dwpe-alerts,media-signaling-and-border-rejections (external trade friction)
B-GD-007-C21,B-GD-007,B,N/A (Web Scraped / Text Extract),5709 - 5998,290,CorpusB_Chunks\B-GD-007\B-GD-007-C21.txt,"M,A,A,A,A,A",gdelt-seafood-dwpe-alerts,media-signaling-and-border-rejections (external trade friction)
B-GD-008-C01,B-GD-008,B,N/A (Web Scraped / Text Extract),1 - 263,263,CorpusB_Chunks\B-GD-008\B-GD-008-C01.txt,"A,A,M,A,A,A",gdelt-seafood-dwpe-alerts,media-signaling-and-border-rejections (external trade friction)
B-GD-008-C02,B-GD-008,B,N/A (Web Scraped / Text Extract),264 - 566,303,CorpusB_Chunks\B-GD-008\B-GD-008-C02.txt,"A,A,M,A,A,A",gdelt-seafood-dwpe-alerts,media-signaling-and-border-rejections (external trade friction)
B-GD-009-C01,B-GD-009,B,N/A (Web Scraped / Text Extract),1 - 307,307,CorpusB_Chunks\B-GD-009\B-GD-009-C01.txt,"A,A,M,A,A,A",gdelt-seafood-dwpe-alerts,media-signaling-and-border-rejections (external trade friction)
B-GD-009-C04,B-GD-009,B,N/A (Web Scraped / Text Extract),862 - 987,126,CorpusB_Chunks\B-GD-009\B-GD-009-C04.txt,"A,A,M,A,A,A",gdelt-seafood-dwpe-alerts,media-signaling-and-border-rejections (external trade friction)
B-GD-011-C01,B-GD-011,B,N/A (Web Scraped / Text Extract),1 - 255,255,CorpusB_Chunks\B-GD-011\B-GD-011-C01.txt,"M,A,M,A,A,A",gdelt-seafood-dwpe-alerts,media-signaling-and-border-rejections (external trade friction)
B-GD-011-C02,B-GD-011,B,N/A (Web Scraped / Text Extract),256 - 524,269,CorpusB_Chunks\B-GD-011\B-GD-011-C02.txt,"M,A,M,A,A,A",gdelt-seafood-dwpe-alerts,media-signaling-and-border-rejections (external trade friction)
B-GD-012-C01,B-GD-012,B,N/A (Web Scraped / Text Extract),1 - 267,267,CorpusB_Chunks\B-GD-012\B-GD-012-C01.txt,"M,A,A,A,A,A",gdelt-seafood-dwpe-alerts,media-signaling-and-border-rejections (external trade friction)
B-GD-012-C03,B-GD-012,B,N/A (Web Scraped / Text Extract),531 - 691,161,CorpusB_Chunks\B-GD-012\B-GD-012-C03.txt,"M,A,A,A,A,A",gdelt-seafood-dwpe-alerts,media-signaling-and-border-rejections (external trade friction)
B-GD-013-C01,B-GD-013,B,N/A (Web Scraped / Text Extract),1 - 252,252,CorpusB_Chunks\B-GD-013\B-GD-013-C01.txt,"M,A,A,A,A,A",gdelt-seafood-dwpe-alerts,media-signaling-and-border-rejections (external trade friction)
B-GD-013-C02,B-GD-013,B,N/A (Web Scraped / Text Extract),253 - 569,317,CorpusB_Chunks\B-GD-013\B-GD-013-C02.txt,"M,A,A,A,A,A",gdelt-seafood-dwpe-alerts,media-signaling-and-border-rejections (external trade friction)
B-GD-015-C01,B-GD-015,B,N/A (Web Scraped / Text Extract),1 - 342,342,CorpusB_Chunks\B-GD-015\B-GD-015-C01.txt,"M,A,M,A,A,A",gdelt-seafood-dwpe-alerts,media-signaling-and-border-rejections (external trade friction)
B-GD-015-C03,B-GD-015,B,N/A (Web Scraped / Text Extract),593 - 779,187,CorpusB_Chunks\B-GD-015\B-GD-015-C03.txt,"M,A,M,A,A,A",gdelt-seafood-dwpe-alerts,media-signaling-and-border-rejections (external trade friction)
B-GD-016-C01,B-GD-016,B,N/A (Web Scraped / Text Extract),1 - 284,284,CorpusB_Chunks\B-GD-016\B-GD-016-C01.txt,"M,A,A,A,A,A",gdelt-seafood-dwpe-alerts,media-signaling-and-border-rejections (external trade friction)
B-GD-016-C03,B-GD-016,B,N/A (Web Scraped / Text Extract),535 - 662,128,CorpusB_Chunks\B-GD-016\B-GD-016-C03.txt,"M,A,A,A,A,A",gdelt-seafood-dwpe-alerts,media-signaling-and-border-rejections (external trade friction)
B-GD-017-C01,B-GD-017,B,N/A (Web Scraped / Text Extract),1 - 271,271,CorpusB_Chunks\B-GD-017\B-GD-017-C01.txt,"M,A,M,A,A,A",gdelt-spices-sps-hurdles,media-signaling-and-border-rejections (external trade friction)
B-GD-017-C02,B-GD-017,B,N/A (Web Scraped / Text Extract),272 - 485,214,CorpusB_Chunks\B-GD-017\B-GD-017-C02.txt,"M,A,M,A,A,A",gdelt-spices-sps-hurdles,media-signaling-and-border-rejections (external trade friction)
B-GD-018-C01,B-GD-018,B,N/A (Web Scraped / Text Extract),1 - 250,250,CorpusB_Chunks\B-GD-018\B-GD-018-C01.txt,"M,A,M,A,A,A",gdelt-spices-sps-hurdles,media-signaling-and-border-rejections (external trade friction)
B-GD-018-C03,B-GD-018,B,N/A (Web Scraped / Text Extract),501 - 770,270,CorpusB_Chunks\B-GD-018\B-GD-018-C03.txt,"M,A,M,A,A,A",gdelt-spices-sps-hurdles,media-signaling-and-border-rejections (external trade friction)
B-GD-019-C01,B-GD-019,B,N/A (Web Scraped / Text Extract),1 - 263,263,CorpusB_Chunks\B-GD-019\B-GD-019-C01.txt,"M,M,A,A,A,A",gdelt-spices-sps-hurdles,media-signaling-and-border-rejections (external trade friction)
B-GD-019-C03,B-GD-019,B,N/A (Web Scraped / Text Extract),517 - 782,266,CorpusB_Chunks\B-GD-019\B-GD-019-C03.txt,"M,M,A,A,A,A",gdelt-spices-sps-hurdles,media-signaling-and-border-rejections (external trade friction)
B-GD-019-C05,B-GD-019,B,N/A (Web Scraped / Text Extract),1033 - 1231,199,CorpusB_Chunks\B-GD-019\B-GD-019-C05.txt,"M,M,A,A,A,A",gdelt-spices-sps-hurdles,media-signaling-and-border-rejections (external trade friction)
B-GD-020-C01,B-GD-020,B,N/A (Web Scraped / Text Extract),1 - 288,288,CorpusB_Chunks\B-GD-020\B-GD-020-C01.txt,"M,A,M,A,A,A",gdelt-spices-sps-hurdles,media-signaling-and-border-rejections (external trade friction)
B-GD-020-C03,B-GD-020,B,N/A (Web Scraped / Text Extract),555 - 835,281,CorpusB_Chunks\B-GD-020\B-GD-020-C03.txt,"M,A,M,A,A,A",gdelt-spices-sps-hurdles,media-signaling-and-border-rejections (external trade friction)
B-GD-020-C06,B-GD-020,B,N/A (Web Scraped / Text Extract),1362 - 1663,302,CorpusB_Chunks\B-GD-020\B-GD-020-C06.txt,"M,A,M,A,A,A",gdelt-spices-sps-hurdles,media-signaling-and-border-rejections (external trade friction)
B-GD-021-C01,B-GD-021,B,N/A (Web Scraped / Text Extract),1 - 270,270,CorpusB_Chunks\B-GD-021\B-GD-021-C01.txt,"M,A,M,A,A,A",gdelt-msme-trade-friction,media-signaling-and-border-rejections (external trade friction)
B-GD-021-C02,B-GD-021,B,N/A (Web Scraped / Text Extract),271 - 510,240,CorpusB_Chunks\B-GD-021\B-GD-021-C02.txt,"M,A,M,A,A,A",gdelt-msme-trade-friction,media-signaling-and-border-rejections (external trade friction)
B-GD-023-C01,B-GD-023,B,N/A (Web Scraped / Text Extract),1 - 298,298,CorpusB_Chunks\B-GD-023\B-GD-023-C01.txt,"M,M,M,A,A,A",gdelt-msme-trade-friction,media-signaling-and-border-rejections (external trade friction)
B-GD-023-C03,B-GD-023,B,N/A (Web Scraped / Text Extract),551 - 801,251,CorpusB_Chunks\B-GD-023\B-GD-023-C03.txt,"M,M,M,A,A,A",gdelt-msme-trade-friction,media-signaling-and-border-rejections (external trade friction)
B-GD-023-C06,B-GD-023,B,N/A (Web Scraped / Text Extract),1309 - 1411,103,CorpusB_Chunks\B-GD-023\B-GD-023-C06.txt,"M,M,M,A,A,A",gdelt-msme-trade-friction,media-signaling-and-border-rejections (external trade friction)
B-GD-024-C01,B-GD-024,B,N/A (Web Scraped / Text Extract),1 - 265,265,CorpusB_Chunks\B-GD-024\B-GD-024-C01.txt,"M,M,A,A,A,A",gdelt-spices-sps-hurdles,media-signaling-and-border-rejections (external trade friction)
B-GD-024-C03,B-GD-024,B,N/A (Web Scraped / Text Extract),547 - 805,259,CorpusB_Chunks\B-GD-024\B-GD-024-C03.txt,"M,M,A,A,A,A",gdelt-spices-sps-hurdles,media-signaling-and-border-rejections (external trade friction)
B-GD-024-C05,B-GD-024,B,N/A (Web Scraped / Text Extract),1056 - 1193,138,CorpusB_Chunks\B-GD-024\B-GD-024-C05.txt,"M,M,A,A,A,A",gdelt-spices-sps-hurdles,media-signaling-and-border-rejections (external trade friction)
B-GD-025-C01,B-GD-025,B,N/A (Web Scraped / Text Extract),1 - 349,349,CorpusB_Chunks\B-GD-025\B-GD-025-C01.txt,"M,M,M,A,A,A",gdelt-msme-trade-friction,media-signaling-and-border-rejections (external trade friction)
B-GD-025-C03,B-GD-025,B,N/A (Web Scraped / Text Extract),733 - 993,261,CorpusB_Chunks\B-GD-025\B-GD-025-C03.txt,"M,M,M,A,A,A",gdelt-msme-trade-friction,media-signaling-and-border-rejections (external trade friction)
B-GD-025-C06,B-GD-025,B,N/A (Web Scraped / Text Extract),1579 - 1870,292,CorpusB_Chunks\B-GD-025\B-GD-025-C06.txt,"M,M,M,A,A,A",gdelt-msme-trade-friction,media-signaling-and-border-rejections (external trade friction)
B-GD-026-C01,B-GD-026,B,N/A (Web Scraped / Text Extract),1 - 258,258,CorpusB_Chunks\B-GD-026\B-GD-026-C01.txt,"M,M,M,A,A,A",gdelt-msme-trade-friction,media-signaling-and-border-rejections (external trade friction)
B-GD-026-C03,B-GD-026,B,N/A (Web Scraped / Text Extract),540 - 764,225,CorpusB_Chunks\B-GD-026\B-GD-026-C03.txt,"M,M,M,A,A,A",gdelt-msme-trade-friction,media-signaling-and-border-rejections (external trade friction)
B-GD-027-C01,B-GD-027,B,N/A (Web Scraped / Text Extract),1 - 258,258,CorpusB_Chunks\B-GD-027\B-GD-027-C01.txt,"A,A,M,A,A,A",gdelt-basmati-mrl-rejections,media-signaling-and-border-rejections (external trade friction)
B-GD-027-C03,B-GD-027,B,N/A (Web Scraped / Text Extract),532 - 720,189,CorpusB_Chunks\B-GD-027\B-GD-027-C03.txt,"A,A,M,A,A,A",gdelt-basmati-mrl-rejections,media-signaling-and-border-rejections (external trade friction)
B-GD-029-C01,B-GD-029,B,N/A (Web Scraped / Text Extract),1 - 265,265,CorpusB_Chunks\B-GD-029\B-GD-029-C01.txt,"M,A,M,A,A,A",gdelt-spices-sps-hurdles,media-signaling-and-border-rejections (external trade friction)
B-GD-029-C03,B-GD-029,B,N/A (Web Scraped / Text Extract),628 - 903,276,CorpusB_Chunks\B-GD-029\B-GD-029-C03.txt,"M,A,M,A,A,A",gdelt-spices-sps-hurdles,media-signaling-and-border-rejections (external trade friction)
B-GD-029-C06,B-GD-029,B,N/A (Web Scraped / Text Extract),1417 - 1537,121,CorpusB_Chunks\B-GD-029\B-GD-029-C06.txt,"M,A,M,A,A,A",gdelt-spices-sps-hurdles,media-signaling-and-border-rejections (external trade friction)
B-GD-030-C01,B-GD-030,B,N/A (Web Scraped / Text Extract),1 - 274,274,CorpusB_Chunks\B-GD-030\B-GD-030-C01.txt,"M,A,A,A,A,A",gdelt-spices-sps-hurdles,media-signaling-and-border-rejections (external trade friction)
B-GD-030-C02,B-GD-030,B,N/A (Web Scraped / Text Extract),275 - 483,209,CorpusB_Chunks\B-GD-030\B-GD-030-C02.txt,"M,A,A,A,A,A",gdelt-spices-sps-hurdles,media-signaling-and-border-rejections (external trade friction)
B-GD-031-C01,B-GD-031,B,N/A (Web Scraped / Text Extract),1 - 312,312,CorpusB_Chunks\B-GD-031\B-GD-031-C01.txt,"M,A,M,A,A,A",gdelt-spices-sps-hurdles,media-signaling-and-border-rejections (external trade friction)
B-GD-031-C03,B-GD-031,B,N/A (Web Scraped / Text Extract),579 - 734,156,CorpusB_Chunks\B-GD-031\B-GD-031-C03.txt,"M,A,M,A,A,A",gdelt-spices-sps-hurdles,media-signaling-and-border-rejections (external trade friction)
B-GD-032-C01,B-GD-032,B,N/A (Web Scraped / Text Extract),1 - 308,308,CorpusB_Chunks\B-GD-032\B-GD-032-C01.txt,"M,A,M,A,A,A",gdelt-dgft-icegate-glitches,media-signaling-and-border-rejections (external trade friction)
B-GD-032-C04,B-GD-032,B,N/A (Web Scraped / Text Extract),926 - 1157,232,CorpusB_Chunks\B-GD-032\B-GD-032-C04.txt,"M,A,M,A,A,A",gdelt-dgft-icegate-glitches,media-signaling-and-border-rejections (external trade friction)
B-GD-033-C01,B-GD-033,B,N/A (Web Scraped / Text Extract),1 - 250,250,CorpusB_Chunks\B-GD-033\B-GD-033-C01.txt,"M,M,M,A,A,A",gdelt-msme-trade-friction,media-signaling-and-border-rejections (external trade friction)
B-GD-033-C04,B-GD-033,B,N/A (Web Scraped / Text Extract),846 - 1145,300,CorpusB_Chunks\B-GD-033\B-GD-033-C04.txt,"M,M,M,A,A,A",gdelt-msme-trade-friction,media-signaling-and-border-rejections (external trade friction)
B-GD-034-C01,B-GD-034,B,N/A (Web Scraped / Text Extract),1 - 284,284,CorpusB_Chunks\B-GD-034\B-GD-034-C01.txt,"M,M,A,A,A,A",gdelt-msme-trade-friction,media-signaling-and-border-rejections (external trade friction)
B-GD-034-C03,B-GD-034,B,N/A (Web Scraped / Text Extract),545 - 653,109,CorpusB_Chunks\B-GD-034\B-GD-034-C03.txt,"M,M,A,A,A,A",gdelt-msme-trade-friction,media-signaling-and-border-rejections (external trade friction)
B-GD-035-C01,B-GD-035,B,N/A (Web Scraped / Text Extract),1 - 251,251,CorpusB_Chunks\B-GD-035\B-GD-035-C01.txt,"M,A,M,A,A,A",gdelt-spices-sps-hurdles,media-signaling-and-border-rejections (external trade friction)
B-GD-035-C03,B-GD-035,B,N/A (Web Scraped / Text Extract),502 - 795,294,CorpusB_Chunks\B-GD-035\B-GD-035-C03.txt,"M,A,M,A,A,A",gdelt-spices-sps-hurdles,media-signaling-and-border-rejections (external trade friction)
B-GD-036-C01,B-GD-036,B,N/A (Web Scraped / Text Extract),1 - 256,256,CorpusB_Chunks\B-GD-036\B-GD-036-C01.txt,"M,A,M,A,A,A",gdelt-basmati-mrl-rejections,media-signaling-and-border-rejections (external trade friction)
B-GD-036-C04,B-GD-036,B,N/A (Web Scraped / Text Extract),802 - 1064,263,CorpusB_Chunks\B-GD-036\B-GD-036-C04.txt,"M,A,M,A,A,A",gdelt-basmati-mrl-rejections,media-signaling-and-border-rejections (external trade friction)
B-GD-037-C01,B-GD-037,B,N/A (Web Scraped / Text Extract),1 - 259,259,CorpusB_Chunks\B-GD-037\B-GD-037-C01.txt,"M,A,M,A,A,A",gdelt-spices-sps-hurdles,media-signaling-and-border-rejections (external trade friction)
B-GD-037-C04,B-GD-037,B,N/A (Web Scraped / Text Extract),770 - 1153,384,CorpusB_Chunks\B-GD-037\B-GD-037-C04.txt,"M,A,M,A,A,A",gdelt-spices-sps-hurdles,media-signaling-and-border-rejections (external trade friction)
B-GD-038-C01,B-GD-038,B,N/A (Web Scraped / Text Extract),1 - 252,252,CorpusB_Chunks\B-GD-038\B-GD-038-C01.txt,"M,M,A,A,A,A",gdelt-basmati-mrl-rejections,media-signaling-and-border-rejections (external trade friction)
B-GD-038-C03,B-GD-038,B,N/A (Web Scraped / Text Extract),503 - 602,100,CorpusB_Chunks\B-GD-038\B-GD-038-C03.txt,"M,M,A,A,A,A",gdelt-basmati-mrl-rejections,media-signaling-and-border-rejections (external trade friction)
B-GD-039-C01,B-GD-039,B,N/A (Web Scraped / Text Extract),1 - 277,277,CorpusB_Chunks\B-GD-039\B-GD-039-C01.txt,"M,M,A,A,A,A",gdelt-basmati-mrl-rejections,media-signaling-and-border-rejections (external trade friction)
B-GD-039-C02,B-GD-039,B,N/A (Web Scraped / Text Extract),278 - 631,354,CorpusB_Chunks\B-GD-039\B-GD-039-C02.txt,"M,M,A,A,A,A",gdelt-basmati-mrl-rejections,media-signaling-and-border-rejections (external trade friction)
B-GD-040-C01,B-GD-040,B,N/A (Web Scraped / Text Extract),1 - 261,261,CorpusB_Chunks\B-GD-040\B-GD-040-C01.txt,"A,A,A,A,A,A",gdelt-basmati-mrl-rejections,media-signaling-and-border-rejections (external trade friction)
B-GD-040-C02,B-GD-040,B,N/A (Web Scraped / Text Extract),262 - 559,298,CorpusB_Chunks\B-GD-040\B-GD-040-C02.txt,"A,A,A,A,A,A",gdelt-basmati-mrl-rejections,media-signaling-and-border-rejections (external trade friction)
B-GD-041-C01,B-GD-041,B,N/A (Web Scraped / Text Extract),1 - 253,253,CorpusB_Chunks\B-GD-041\B-GD-041-C01.txt,"A,A,A,A,A,A",gdelt-spices-sps-hurdles,media-signaling-and-border-rejections (external trade friction)
B-GD-041-C04,B-GD-041,B,N/A (Web Scraped / Text Extract),766 - 934,169,CorpusB_Chunks\B-GD-041\B-GD-041-C04.txt,"A,A,A,A,A,A",gdelt-spices-sps-hurdles,media-signaling-and-border-rejections (external trade friction)
B-GD-043-C01,B-GD-043,B,N/A (Web Scraped / Text Extract),1 - 286,286,CorpusB_Chunks\B-GD-043\B-GD-043-C01.txt,"A,M,A,A,A,A",gdelt-basmati-mrl-rejections,media-signaling-and-border-rejections (external trade friction)
B-GD-043-C02,B-GD-043,B,N/A (Web Scraped / Text Extract),287 - 549,263,CorpusB_Chunks\B-GD-043\B-GD-043-C02.txt,"A,M,A,A,A,A",gdelt-basmati-mrl-rejections,media-signaling-and-border-rejections (external trade friction)
B-GD-044-C01,B-GD-044,B,N/A (Web Scraped / Text Extract),1 - 293,293,CorpusB_Chunks\B-GD-044\B-GD-044-C01.txt,"M,A,A,A,A,A",gdelt-basmati-mrl-rejections,media-signaling-and-border-rejections (external trade friction)
B-GD-044-C02,B-GD-044,B,N/A (Web Scraped / Text Extract),294 - 556,263,CorpusB_Chunks\B-GD-044\B-GD-044-C02.txt,"M,A,A,A,A,A",gdelt-basmati-mrl-rejections,media-signaling-and-border-rejections (external trade friction)
B-GD-045-C01,B-GD-045,B,N/A (Web Scraped / Text Extract),1 - 266,266,CorpusB_Chunks\B-GD-045\B-GD-045-C01.txt,"M,M,M,A,A,A",gdelt-basmati-mrl-rejections,media-signaling-and-border-rejections (external trade friction)
B-GD-045-C02,B-GD-045,B,N/A (Web Scraped / Text Extract),267 - 451,185,CorpusB_Chunks\B-GD-045\B-GD-045-C02.txt,"M,M,M,A,A,A",gdelt-basmati-mrl-rejections,media-signaling-and-border-rejections (external trade friction)
B-GD-046-C01,B-GD-046,B,N/A (Web Scraped / Text Extract),1 - 275,275,CorpusB_Chunks\B-GD-046\B-GD-046-C01.txt,"A,M,A,A,A,A",gdelt-basmati-mrl-rejections,media-signaling-and-border-rejections (external trade friction)
B-GD-046-C03,B-GD-046,B,N/A (Web Scraped / Text Extract),532 - 783,252,CorpusB_Chunks\B-GD-046\B-GD-046-C03.txt,"A,M,A,A,A,A",gdelt-basmati-mrl-rejections,media-signaling-and-border-rejections (external trade friction)
B-GD-047-C01,B-GD-047,B,N/A (Web Scraped / Text Extract),1 - 268,268,CorpusB_Chunks\B-GD-047\B-GD-047-C01.txt,"A,A,A,A,A,A",gdelt-basmati-mrl-rejections,media-signaling-and-border-rejections (external trade friction)
B-GD-047-C03,B-GD-047,B,N/A (Web Scraped / Text Extract),541 - 765,225,CorpusB_Chunks\B-GD-047\B-GD-047-C03.txt,"A,A,A,A,A,A",gdelt-basmati-mrl-rejections,media-signaling-and-border-rejections (external trade friction)
B-GD-050-C01,B-GD-050,B,N/A (Web Scraped / Text Extract),1 - 262,262,CorpusB_Chunks\B-GD-050\B-GD-050-C01.txt,"M,M,A,A,A,A",gdelt-basmati-mrl-rejections,media-signaling-and-border-rejections (external trade friction)
B-GD-050-C02,B-GD-050,B,N/A (Web Scraped / Text Extract),263 - 595,333,CorpusB_Chunks\B-GD-050\B-GD-050-C02.txt,"M,M,A,A,A,A",gdelt-basmati-mrl-rejections,media-signaling-and-border-rejections (external trade friction)
B-GD-052-C01,B-GD-052,B,N/A (Web Scraped / Text Extract),1 - 281,281,CorpusB_Chunks\B-GD-052\B-GD-052-C01.txt,"A,A,M,A,A,A",gdelt-basmati-mrl-rejections,media-signaling-and-border-rejections (external trade friction)
B-GD-052-C04,B-GD-052,B,N/A (Web Scraped / Text Extract),825 - 917,93,CorpusB_Chunks\B-GD-052\B-GD-052-C04.txt,"A,A,M,A,A,A",gdelt-basmati-mrl-rejections,media-signaling-and-border-rejections (external trade friction)
B-GD-054-C01,B-GD-054,B,N/A (Web Scraped / Text Extract),1 - 264,264,CorpusB_Chunks\B-GD-054\B-GD-054-C01.txt,"M,A,M,A,A,A",gdelt-basmati-mrl-rejections,media-signaling-and-border-rejections (external trade friction)
B-GD-054-C02,B-GD-054,B,N/A (Web Scraped / Text Extract),265 - 538,274,CorpusB_Chunks\B-GD-054\B-GD-054-C02.txt,"M,A,M,A,A,A",gdelt-basmati-mrl-rejections,media-signaling-and-border-rejections (external trade friction)
B-GD-055-C01,B-GD-055,B,N/A (Web Scraped / Text Extract),1 - 358,358,CorpusB_Chunks\B-GD-055\B-GD-055-C01.txt,"M,A,M,A,A,A",gdelt-basmati-mrl-rejections,media-signaling-and-border-rejections (external trade friction)
B-GD-055-C02,B-GD-055,B,N/A (Web Scraped / Text Extract),359 - 491,133,CorpusB_Chunks\B-GD-055\B-GD-055-C02.txt,"M,A,M,A,A,A",gdelt-basmati-mrl-rejections,media-signaling-and-border-rejections (external trade friction)
B-GD-056-C01,B-GD-056,B,N/A (Web Scraped / Text Extract),1 - 267,267,CorpusB_Chunks\B-GD-056\B-GD-056-C01.txt,"A,M,M,A,A,A",gdelt-msme-trade-friction,media-signaling-and-border-rejections (external trade friction)
B-GD-056-C02,B-GD-056,B,N/A (Web Scraped / Text Extract),268 - 518,251,CorpusB_Chunks\B-GD-056\B-GD-056-C02.txt,"A,M,M,A,A,A",gdelt-msme-trade-friction,media-signaling-and-border-rejections (external trade friction)
B-GD-057-C01,B-GD-057,B,N/A (Web Scraped / Text Extract),1 - 266,266,CorpusB_Chunks\B-GD-057\B-GD-057-C01.txt,"M,M,M,A,A,A",gdelt-msme-trade-friction,media-signaling-and-border-rejections (external trade friction)
B-GD-057-C03,B-GD-057,B,N/A (Web Scraped / Text Extract),565 - 842,278,CorpusB_Chunks\B-GD-057\B-GD-057-C03.txt,"M,M,M,A,A,A",gdelt-msme-trade-friction,media-signaling-and-border-rejections (external trade friction)
B-GD-057-C06,B-GD-057,B,N/A (Web Scraped / Text Extract),1377 - 1493,117,CorpusB_Chunks\B-GD-057\B-GD-057-C06.txt,"M,M,M,A,A,A",gdelt-msme-trade-friction,media-signaling-and-border-rejections (external trade friction)
B-GD-058-C01,B-GD-058,B,N/A (Web Scraped / Text Extract),1 - 265,265,CorpusB_Chunks\B-GD-058\B-GD-058-C01.txt,"M,A,A,A,A,A",gdelt-msme-trade-friction,media-signaling-and-border-rejections (external trade friction)
B-GD-058-C02,B-GD-058,B,N/A (Web Scraped / Text Extract),266 - 446,181,CorpusB_Chunks\B-GD-058\B-GD-058-C02.txt,"M,A,A,A,A,A",gdelt-msme-trade-friction,media-signaling-and-border-rejections (external trade friction)
B-GD-059-C01,B-GD-059,B,N/A (Web Scraped / Text Extract),1 - 259,259,CorpusB_Chunks\B-GD-059\B-GD-059-C01.txt,"M,M,A,A,A,A",gdelt-msme-trade-friction,media-signaling-and-border-rejections (external trade friction)
B-GD-059-C03,B-GD-059,B,N/A (Web Scraped / Text Extract),511 - 770,260,CorpusB_Chunks\B-GD-059\B-GD-059-C03.txt,"M,M,A,A,A,A",gdelt-msme-trade-friction,media-signaling-and-border-rejections (external trade friction)
B-GD-060-C01,B-GD-060,B,N/A (Web Scraped / Text Extract),1 - 261,261,CorpusB_Chunks\B-GD-060\B-GD-060-C01.txt,"M,M,A,A,A,A",gdelt-msme-trade-friction,media-signaling-and-border-rejections (external trade friction)
B-GD-060-C02,B-GD-060,B,N/A (Web Scraped / Text Extract),262 - 434,173,CorpusB_Chunks\B-GD-060\B-GD-060-C02.txt,"M,M,A,A,A,A",gdelt-msme-trade-friction,media-signaling-and-border-rejections (external trade friction)
B-GD-061-C01,B-GD-061,B,N/A (Web Scraped / Text Extract),1 - 262,262,CorpusB_Chunks\B-GD-061\B-GD-061-C01.txt,"A,M,A,A,A,A",gdelt-rodtep-scrip-delays,media-signaling-and-border-rejections (external trade friction)
B-GD-061-C02,B-GD-061,B,N/A (Web Scraped / Text Extract),263 - 459,197,CorpusB_Chunks\B-GD-061\B-GD-061-C02.txt,"A,M,A,A,A,A",gdelt-rodtep-scrip-delays,media-signaling-and-border-rejections (external trade friction)
B-GD-065-C01,B-GD-065,B,N/A (Web Scraped / Text Extract),1 - 250,250,CorpusB_Chunks\B-GD-065\B-GD-065-C01.txt,"M,M,M,A,A,A",gdelt-msme-trade-friction,media-signaling-and-border-rejections (external trade friction)
B-GD-065-C02,B-GD-065,B,N/A (Web Scraped / Text Extract),251 - 543,293,CorpusB_Chunks\B-GD-065\B-GD-065-C02.txt,"M,M,M,A,A,A",gdelt-msme-trade-friction,media-signaling-and-border-rejections (external trade friction)
B-GD-067-C01,B-GD-067,B,N/A (Web Scraped / Text Extract),1 - 286,286,CorpusB_Chunks\B-GD-067\B-GD-067-C01.txt,"M,M,A,A,A,A",gdelt-customs-clearance-holds,media-signaling-and-border-rejections (external trade friction)
B-GD-067-C03,B-GD-067,B,N/A (Web Scraped / Text Extract),572 - 670,99,CorpusB_Chunks\B-GD-067\B-GD-067-C03.txt,"M,M,A,A,A,A",gdelt-customs-clearance-holds,media-signaling-and-border-rejections (external trade friction)
B-GD-068-C01,B-GD-068,B,N/A (Web Scraped / Text Extract),1 - 263,263,CorpusB_Chunks\B-GD-068\B-GD-068-C01.txt,"M,A,A,A,A,A",gdelt-dgft-icegate-glitches,media-signaling-and-border-rejections (external trade friction)
B-GD-068-C03,B-GD-068,B,N/A (Web Scraped / Text Extract),517 - 850,334,CorpusB_Chunks\B-GD-068\B-GD-068-C03.txt,"M,A,A,A,A,A",gdelt-dgft-icegate-glitches,media-signaling-and-border-rejections (external trade friction)
B-GD-069-C01,B-GD-069,B,N/A (Web Scraped / Text Extract),1 - 303,303,CorpusB_Chunks\B-GD-069\B-GD-069-C01.txt,"M,M,M,A,A,A",gdelt-msme-trade-friction,media-signaling-and-border-rejections (external trade friction)
B-GD-069-C04,B-GD-069,B,N/A (Web Scraped / Text Extract),847 - 1024,178,CorpusB_Chunks\B-GD-069\B-GD-069-C04.txt,"M,M,M,A,A,A",gdelt-msme-trade-friction,media-signaling-and-border-rejections (external trade friction)
B-GD-070-C01,B-GD-070,B,N/A (Web Scraped / Text Extract),1 - 283,283,CorpusB_Chunks\B-GD-070\B-GD-070-C01.txt,"A,M,A,A,A,A",gdelt-msme-trade-friction,media-signaling-and-border-rejections (external trade friction)
B-GD-070-C02,B-GD-070,B,N/A (Web Scraped / Text Extract),284 - 519,236,CorpusB_Chunks\B-GD-070\B-GD-070-C02.txt,"A,M,A,A,A,A",gdelt-msme-trade-friction,media-signaling-and-border-rejections (external trade friction)
B-GD-071-C01,B-GD-071,B,N/A (Web Scraped / Text Extract),1 - 250,250,CorpusB_Chunks\B-GD-071\B-GD-071-C01.txt,"M,M,M,A,A,A",gdelt-msme-trade-friction,media-signaling-and-border-rejections (external trade friction)
B-GD-071-C03,B-GD-071,B,N/A (Web Scraped / Text Extract),501 - 750,250,CorpusB_Chunks\B-GD-071\B-GD-071-C03.txt,"M,M,M,A,A,A",gdelt-msme-trade-friction,media-signaling-and-border-rejections (external trade friction)
B-GD-071-C06,B-GD-071,B,N/A (Web Scraped / Text Extract),1387 - 1527,141,CorpusB_Chunks\B-GD-071\B-GD-071-C06.txt,"M,M,M,A,A,A",gdelt-msme-trade-friction,media-signaling-and-border-rejections (external trade friction)
B-GD-072-C01,B-GD-072,B,N/A (Web Scraped / Text Extract),1 - 280,280,CorpusB_Chunks\B-GD-072\B-GD-072-C01.txt,"M,M,A,A,A,A",gdelt-msme-trade-friction,media-signaling-and-border-rejections (external trade friction)
B-GD-072-C02,B-GD-072,B,N/A (Web Scraped / Text Extract),281 - 482,202,CorpusB_Chunks\B-GD-072\B-GD-072-C02.txt,"M,M,A,A,A,A",gdelt-msme-trade-friction,media-signaling-and-border-rejections (external trade friction)
B-GD-073-C01,B-GD-073,B,N/A (Web Scraped / Text Extract),1 - 259,259,CorpusB_Chunks\B-GD-073\B-GD-073-C01.txt,"A,M,A,A,A,A",gdelt-msme-trade-friction,media-signaling-and-border-rejections (external trade friction)
B-GD-073-C02,B-GD-073,B,N/A (Web Scraped / Text Extract),260 - 452,193,CorpusB_Chunks\B-GD-073\B-GD-073-C02.txt,"A,M,A,A,A,A",gdelt-msme-trade-friction,media-signaling-and-border-rejections (external trade friction)
B-GD-075-C01,B-GD-075,B,N/A (Web Scraped / Text Extract),1 - 250,250,CorpusB_Chunks\B-GD-075\B-GD-075-C01.txt,"M,A,A,A,A,A",gdelt-horticulture-sps-controls,media-signaling-and-border-rejections (external trade friction)
B-GD-075-C02,B-GD-075,B,N/A (Web Scraped / Text Extract),251 - 526,276,CorpusB_Chunks\B-GD-075\B-GD-075-C02.txt,"M,A,A,A,A,A",gdelt-horticulture-sps-controls,media-signaling-and-border-rejections (external trade friction)
B-GD-076-C01,B-GD-076,B,N/A (Web Scraped / Text Extract),1 - 251,251,CorpusB_Chunks\B-GD-076\B-GD-076-C01.txt,"M,A,A,A,A,A",gdelt-horticulture-sps-controls,media-signaling-and-border-rejections (external trade friction)
B-GD-076-C03,B-GD-076,B,N/A (Web Scraped / Text Extract),528 - 766,239,CorpusB_Chunks\B-GD-076\B-GD-076-C03.txt,"M,A,A,A,A,A",gdelt-horticulture-sps-controls,media-signaling-and-border-rejections (external trade friction)
B-GD-078-C01,B-GD-078,B,N/A (Web Scraped / Text Extract),1 - 271,271,CorpusB_Chunks\B-GD-078\B-GD-078-C01.txt,"M,A,A,A,A,A",gdelt-horticulture-sps-controls,media-signaling-and-border-rejections (external trade friction)
B-GD-078-C02,B-GD-078,B,N/A (Web Scraped / Text Extract),272 - 441,170,CorpusB_Chunks\B-GD-078\B-GD-078-C02.txt,"M,A,A,A,A,A",gdelt-horticulture-sps-controls,media-signaling-and-border-rejections (external trade friction)
B-GD-079-C01,B-GD-079,B,N/A (Web Scraped / Text Extract),1 - 250,250,CorpusB_Chunks\B-GD-079\B-GD-079-C01.txt,"M,A,A,A,A,A",gdelt-horticulture-sps-controls,media-signaling-and-border-rejections (external trade friction)
B-GD-079-C02,B-GD-079,B,N/A (Web Scraped / Text Extract),251 - 455,205,CorpusB_Chunks\B-GD-079\B-GD-079-C02.txt,"M,A,A,A,A,A",gdelt-horticulture-sps-controls,media-signaling-and-border-rejections (external trade friction)
B-GD-080-C01,B-GD-080,B,N/A (Web Scraped / Text Extract),1 - 280,280,CorpusB_Chunks\B-GD-080\B-GD-080-C01.txt,"A,A,M,A,A,A",gdelt-horticulture-sps-controls,media-signaling-and-border-rejections (external trade friction)
B-GD-080-C02,B-GD-080,B,N/A (Web Scraped / Text Extract),281 - 459,179,CorpusB_Chunks\B-GD-080\B-GD-080-C02.txt,"A,A,M,A,A,A",gdelt-horticulture-sps-controls,media-signaling-and-border-rejections (external trade friction)
B-GD-081-C01,B-GD-081,B,N/A (Web Scraped / Text Extract),1 - 250,250,CorpusB_Chunks\B-GD-081\B-GD-081-C01.txt,"M,A,A,A,A,A",gdelt-horticulture-sps-controls,media-signaling-and-border-rejections (external trade friction)
B-GD-081-C02,B-GD-081,B,N/A (Web Scraped / Text Extract),251 - 433,183,CorpusB_Chunks\B-GD-081\B-GD-081-C02.txt,"M,A,A,A,A,A",gdelt-horticulture-sps-controls,media-signaling-and-border-rejections (external trade friction)
B-GD-082-C01,B-GD-082,B,N/A (Web Scraped / Text Extract),1 - 285,285,CorpusB_Chunks\B-GD-082\B-GD-082-C01.txt,"M,A,M,A,A,A",gdelt-horticulture-sps-controls,media-signaling-and-border-rejections (external trade friction)
B-GD-082-C02,B-GD-082,B,N/A (Web Scraped / Text Extract),286 - 451,166,CorpusB_Chunks\B-GD-082\B-GD-082-C02.txt,"M,A,M,A,A,A",gdelt-horticulture-sps-controls,media-signaling-and-border-rejections (external trade friction)
B-GD-083-C01,B-GD-083,B,N/A (Web Scraped / Text Extract),1 - 310,310,CorpusB_Chunks\B-GD-083\B-GD-083-C01.txt,"M,A,A,A,A,A",gdelt-horticulture-sps-controls,media-signaling-and-border-rejections (external trade friction)
B-GD-083-C02,B-GD-083,B,N/A (Web Scraped / Text Extract),311 - 595,285,CorpusB_Chunks\B-GD-083\B-GD-083-C02.txt,"M,A,A,A,A,A",gdelt-horticulture-sps-controls,media-signaling-and-border-rejections (external trade friction)
B-GD-084-C01,B-GD-084,B,N/A (Web Scraped / Text Extract),1 - 395,395,CorpusB_Chunks\B-GD-084\B-GD-084-C01.txt,"M,A,A,A,A,A",gdelt-horticulture-sps-controls,media-signaling-and-border-rejections (external trade friction)
B-GD-084-C03,B-GD-084,B,N/A (Web Scraped / Text Extract),671 - 836,166,CorpusB_Chunks\B-GD-084\B-GD-084-C03.txt,"M,A,A,A,A,A",gdelt-horticulture-sps-controls,media-signaling-and-border-rejections (external trade friction)
B-GD-085-C01,B-GD-085,B,N/A (Web Scraped / Text Extract),1 - 342,342,CorpusB_Chunks\B-GD-085\B-GD-085-C01.txt,"M,A,A,A,A,A",gdelt-horticulture-sps-controls,media-signaling-and-border-rejections (external trade friction)
B-GD-085-C03,B-GD-085,B,N/A (Web Scraped / Text Extract),607 - 752,146,CorpusB_Chunks\B-GD-085\B-GD-085-C03.txt,"M,A,A,A,A,A",gdelt-horticulture-sps-controls,media-signaling-and-border-rejections (external trade friction)
B-GD-086-C01,B-GD-086,B,N/A (Web Scraped / Text Extract),1 - 276,276,CorpusB_Chunks\B-GD-086\B-GD-086-C01.txt,"A,A,A,A,A,A",gdelt-msme-trade-friction,media-signaling-and-border-rejections (external trade friction)
B-GD-086-C03,B-GD-086,B,N/A (Web Scraped / Text Extract),555 - 673,119,CorpusB_Chunks\B-GD-086\B-GD-086-C03.txt,"A,A,A,A,A,A",gdelt-msme-trade-friction,media-signaling-and-border-rejections (external trade friction)
B-GD-087-C01,B-GD-087,B,N/A (Web Scraped / Text Extract),1 - 284,284,CorpusB_Chunks\B-GD-087\B-GD-087-C01.txt,"M,M,A,A,A,A",gdelt-msme-trade-friction,media-signaling-and-border-rejections (external trade friction)
B-GD-087-C03,B-GD-087,B,N/A (Web Scraped / Text Extract),538 - 631,94,CorpusB_Chunks\B-GD-087\B-GD-087-C03.txt,"M,M,A,A,A,A",gdelt-msme-trade-friction,media-signaling-and-border-rejections (external trade friction)
B-GD-088-C01,B-GD-088,B,N/A (Web Scraped / Text Extract),1 - 264,264,CorpusB_Chunks\B-GD-088\B-GD-088-C01.txt,"M,A,A,A,A,A",gdelt-horticulture-sps-controls,media-signaling-and-border-rejections (external trade friction)
B-GD-088-C04,B-GD-088,B,N/A (Web Scraped / Text Extract),811 - 980,170,CorpusB_Chunks\B-GD-088\B-GD-088-C04.txt,"M,A,A,A,A,A",gdelt-horticulture-sps-controls,media-signaling-and-border-rejections (external trade friction)
B-GD-089-C01,B-GD-089,B,N/A (Web Scraped / Text Extract),1 - 255,255,CorpusB_Chunks\B-GD-089\B-GD-089-C01.txt,"M,A,A,A,A,A",gdelt-spices-sps-hurdles,media-signaling-and-border-rejections (external trade friction)
B-GD-089-C03,B-GD-089,B,N/A (Web Scraped / Text Extract),514 - 770,257,CorpusB_Chunks\B-GD-089\B-GD-089-C03.txt,"M,A,A,A,A,A",gdelt-spices-sps-hurdles,media-signaling-and-border-rejections (external trade friction)
B-GD-089-C06,B-GD-089,B,N/A (Web Scraped / Text Extract),1300 - 1443,144,CorpusB_Chunks\B-GD-089\B-GD-089-C06.txt,"M,A,A,A,A,A",gdelt-spices-sps-hurdles,media-signaling-and-border-rejections (external trade friction)
B-GD-090-C01,B-GD-090,B,N/A (Web Scraped / Text Extract),1 - 264,264,CorpusB_Chunks\B-GD-090\B-GD-090-C01.txt,"M,A,M,A,A,A",gdelt-seafood-dwpe-alerts,media-signaling-and-border-rejections (external trade friction)
B-GD-090-C02,B-GD-090,B,N/A (Web Scraped / Text Extract),265 - 559,295,CorpusB_Chunks\B-GD-090\B-GD-090-C02.txt,"M,A,M,A,A,A",gdelt-seafood-dwpe-alerts,media-signaling-and-border-rejections (external trade friction)
B-GD-093-C01,B-GD-093,B,N/A (Web Scraped / Text Extract),1 - 258,258,CorpusB_Chunks\B-GD-093\B-GD-093-C01.txt,"M,A,A,A,A,A",gdelt-customs-clearance-holds,media-signaling-and-border-rejections (external trade friction)
B-GD-093-C03,B-GD-093,B,N/A (Web Scraped / Text Extract),520 - 647,128,CorpusB_Chunks\B-GD-093\B-GD-093-C03.txt,"M,A,A,A,A,A",gdelt-customs-clearance-holds,media-signaling-and-border-rejections (external trade friction)
B-GD-095-C01,B-GD-095,B,N/A (Web Scraped / Text Extract),1 - 250,250,CorpusB_Chunks\B-GD-095\B-GD-095-C01.txt,"M,A,A,A,A,A",gdelt-spices-sps-hurdles,media-signaling-and-border-rejections (external trade friction)
B-GD-095-C04,B-GD-095,B,N/A (Web Scraped / Text Extract),751 - 1058,308,CorpusB_Chunks\B-GD-095\B-GD-095-C04.txt,"M,A,A,A,A,A",gdelt-spices-sps-hurdles,media-signaling-and-border-rejections (external trade friction)
B-GD-096-C01,B-GD-096,B,N/A (Web Scraped / Text Extract),1 - 262,262,CorpusB_Chunks\B-GD-096\B-GD-096-C01.txt,"M,M,M,A,A,A",gdelt-msme-trade-friction,media-signaling-and-border-rejections (external trade friction)
B-GD-096-C02,B-GD-096,B,N/A (Web Scraped / Text Extract),263 - 438,176,CorpusB_Chunks\B-GD-096\B-GD-096-C02.txt,"M,M,M,A,A,A",gdelt-msme-trade-friction,media-signaling-and-border-rejections (external trade friction)
B-GD-097-C01,B-GD-097,B,N/A (Web Scraped / Text Extract),1 - 266,266,CorpusB_Chunks\B-GD-097\B-GD-097-C01.txt,"A,M,A,A,A,A",gdelt-usfda-import-alerts,media-signaling-and-border-rejections (external trade friction)
B-GD-097-C02,B-GD-097,B,N/A (Web Scraped / Text Extract),267 - 477,211,CorpusB_Chunks\B-GD-097\B-GD-097-C02.txt,"A,M,A,A,A,A",gdelt-usfda-import-alerts,media-signaling-and-border-rejections (external trade friction)
B-GD-098-C01,B-GD-098,B,N/A (Web Scraped / Text Extract),1 - 254,254,CorpusB_Chunks\B-GD-098\B-GD-098-C01.txt,"M,M,A,A,A,A",gdelt-msme-trade-friction,media-signaling-and-border-rejections (external trade friction)
B-GD-098-C03,B-GD-098,B,N/A (Web Scraped / Text Extract),512 - 791,280,CorpusB_Chunks\B-GD-098\B-GD-098-C03.txt,"M,M,A,A,A,A",gdelt-msme-trade-friction,media-signaling-and-border-rejections (external trade friction)
B-GD-098-C05,B-GD-098,B,N/A (Web Scraped / Text Extract),1045 - 1290,246,CorpusB_Chunks\B-GD-098\B-GD-098-C05.txt,"M,M,A,A,A,A",gdelt-msme-trade-friction,media-signaling-and-border-rejections (external trade friction)
B-GD-099-C01,B-GD-099,B,N/A (Web Scraped / Text Extract),1 - 250,250,CorpusB_Chunks\B-GD-099\B-GD-099-C01.txt,"M,A,A,A,A,A",gdelt-customs-clearance-holds,media-signaling-and-border-rejections (external trade friction)
B-GD-099-C02,B-GD-099,B,N/A (Web Scraped / Text Extract),251 - 505,255,CorpusB_Chunks\B-GD-099\B-GD-099-C02.txt,"M,A,A,A,A,A",gdelt-customs-clearance-holds,media-signaling-and-border-rejections (external trade friction)
B-GD-100-C01,B-GD-100,B,N/A (Web Scraped / Text Extract),1 - 258,258,CorpusB_Chunks\B-GD-100\B-GD-100-C01.txt,"A,M,A,A,A,A",gdelt-msme-trade-friction,media-signaling-and-border-rejections (external trade friction)
B-GD-100-C03,B-GD-100,B,N/A (Web Scraped / Text Extract),511 - 792,282,CorpusB_Chunks\B-GD-100\B-GD-100-C03.txt,"A,M,A,A,A,A",gdelt-msme-trade-friction,media-signaling-and-border-rejections (external trade friction)
B-GD-100-C05,B-GD-100,B,N/A (Web Scraped / Text Extract),1094 - 1183,90,CorpusB_Chunks\B-GD-100\B-GD-100-C05.txt,"A,M,A,A,A,A",gdelt-msme-trade-friction,media-signaling-and-border-rejections (external trade friction)
B-GD-101-C01,B-GD-101,B,N/A (Web Scraped / Text Extract),1 - 264,264,CorpusB_Chunks\B-GD-101\B-GD-101-C01.txt,"A,M,A,A,A,A",gdelt-dgft-icegate-glitches,media-signaling-and-border-rejections (external trade friction)
B-GD-101-C05,B-GD-101,B,N/A (Web Scraped / Text Extract),1077 - 1339,263,CorpusB_Chunks\B-GD-101\B-GD-101-C05.txt,"A,M,A,A,A,A",gdelt-dgft-icegate-glitches,media-signaling-and-border-rejections (external trade friction)
B-GD-101-C09,B-GD-101,B,N/A (Web Scraped / Text Extract),2179 - 2432,254,CorpusB_Chunks\B-GD-101\B-GD-101-C09.txt,"A,M,A,A,A,A",gdelt-dgft-icegate-glitches,media-signaling-and-border-rejections (external trade friction)
B-GD-101-C13,B-GD-101,B,N/A (Web Scraped / Text Extract),3280 - 3398,119,CorpusB_Chunks\B-GD-101\B-GD-101-C13.txt,"A,M,A,A,A,A",gdelt-dgft-icegate-glitches,media-signaling-and-border-rejections (external trade friction)
B-GD-103-C01,B-GD-103,B,N/A (Web Scraped / Text Extract),1 - 250,250,CorpusB_Chunks\B-GD-103\B-GD-103-C01.txt,"M,M,A,A,A,A",gdelt-msme-trade-friction,media-signaling-and-border-rejections (external trade friction)
B-GD-103-C02,B-GD-103,B,N/A (Web Scraped / Text Extract),251 - 440,190,CorpusB_Chunks\B-GD-103\B-GD-103-C02.txt,"M,M,A,A,A,A",gdelt-msme-trade-friction,media-signaling-and-border-rejections (external trade friction)
B-GD-104-C01,B-GD-104,B,N/A (Web Scraped / Text Extract),1 - 267,267,CorpusB_Chunks\B-GD-104\B-GD-104-C01.txt,"M,A,A,A,A,A",gdelt-seafood-dwpe-alerts,media-signaling-and-border-rejections (external trade friction)
B-GD-104-C03,B-GD-104,B,N/A (Web Scraped / Text Extract),547 - 657,111,CorpusB_Chunks\B-GD-104\B-GD-104-C03.txt,"M,A,A,A,A,A",gdelt-seafood-dwpe-alerts,media-signaling-and-border-rejections (external trade friction)
B-GD-105-C01,B-GD-105,B,N/A (Web Scraped / Text Extract),1 - 318,318,CorpusB_Chunks\B-GD-105\B-GD-105-C01.txt,"M,M,A,A,A,A",gdelt-customs-clearance-holds,media-signaling-and-border-rejections (external trade friction)
B-GD-105-C04,B-GD-105,B,N/A (Web Scraped / Text Extract),843 - 1072,230,CorpusB_Chunks\B-GD-105\B-GD-105-C04.txt,"M,M,A,A,A,A",gdelt-customs-clearance-holds,media-signaling-and-border-rejections (external trade friction)
B-GD-106-C01,B-GD-106,B,N/A (Web Scraped / Text Extract),1 - 375,375,CorpusB_Chunks\B-GD-106\B-GD-106-C01.txt,"M,M,A,A,A,A",gdelt-msme-trade-friction,media-signaling-and-border-rejections (external trade friction)
B-GD-106-C02,B-GD-106,B,N/A (Web Scraped / Text Extract),376 - 433,58,CorpusB_Chunks\B-GD-106\B-GD-106-C02.txt,"M,M,A,A,A,A",gdelt-msme-trade-friction,media-signaling-and-border-rejections (external trade friction)
B-GD-107-C01,B-GD-107,B,N/A (Web Scraped / Text Extract),1 - 271,271,CorpusB_Chunks\B-GD-107\B-GD-107-C01.txt,"M,M,A,A,A,A",gdelt-msme-trade-friction,media-signaling-and-border-rejections (external trade friction)
B-GD-107-C02,B-GD-107,B,N/A (Web Scraped / Text Extract),272 - 458,187,CorpusB_Chunks\B-GD-107\B-GD-107-C02.txt,"M,M,A,A,A,A",gdelt-msme-trade-friction,media-signaling-and-border-rejections (external trade friction)
B-GD-108-C01,B-GD-108,B,N/A (Web Scraped / Text Extract),1 - 257,257,CorpusB_Chunks\B-GD-108\B-GD-108-C01.txt,"M,A,A,A,A,A",gdelt-customs-clearance-holds,media-signaling-and-border-rejections (external trade friction)
B-GD-108-C03,B-GD-108,B,N/A (Web Scraped / Text Extract),545 - 816,272,CorpusB_Chunks\B-GD-108\B-GD-108-C03.txt,"M,A,A,A,A,A",gdelt-customs-clearance-holds,media-signaling-and-border-rejections (external trade friction)
B-GD-108-C06,B-GD-108,B,N/A (Web Scraped / Text Extract),1401 - 1584,184,CorpusB_Chunks\B-GD-108\B-GD-108-C06.txt,"M,A,A,A,A,A",gdelt-customs-clearance-holds,media-signaling-and-border-rejections (external trade friction)
B-YT-002-C01,B-YT-002,B,N/A (Web Scraped / Text Extract),1 - 269,269,CorpusB_Chunks\B-YT-002\B-YT-002-C01.txt,"A,A,A,A,A,A",youtube-dgft-portal-hurdles,practitioner-lived-hurdles (internal & relational friction)
B-YT-002-C02,B-YT-002,B,N/A (Web Scraped / Text Extract),270 - 475,206,CorpusB_Chunks\B-YT-002\B-YT-002-C02.txt,"A,A,A,A,A,A",youtube-dgft-portal-hurdles,practitioner-lived-hurdles (internal & relational friction)
B-YT-005-C01,B-YT-005,B,N/A (Web Scraped / Text Extract),1 - 258,258,CorpusB_Chunks\B-YT-005\B-YT-005-C01.txt,"A,A,A,A,A,A",youtube-iec-annual-renewal,practitioner-lived-hurdles (internal & relational friction)
B-YT-005-C02,B-YT-005,B,N/A (Web Scraped / Text Extract),259 - 482,224,CorpusB_Chunks\B-YT-005\B-YT-005-C02.txt,"A,A,A,A,A,A",youtube-iec-annual-renewal,practitioner-lived-hurdles (internal & relational friction)
B-YT-009-C01,B-YT-009,B,N/A (Web Scraped / Text Extract),1 - 253,253,CorpusB_Chunks\B-YT-009\B-YT-009-C01.txt,"A,A,A,A,A,A",youtube-iec-annual-renewal,practitioner-lived-hurdles (internal & relational friction)
B-YT-009-C02,B-YT-009,B,N/A (Web Scraped / Text Extract),254 - 505,252,CorpusB_Chunks\B-YT-009\B-YT-009-C02.txt,"A,A,A,A,A,A",youtube-iec-annual-renewal,practitioner-lived-hurdles (internal & relational friction)
A-DATA-100-C01,A-DATA-100,A,Page 1,1 - 386,386,CorpusA_Chunks\A-DATA-100\A-DATA-100-C01.txt,"A,A,A,A,A,A",datagov-compliance-framework,direct-institutional-or-academic-extraction
A-DATA-100-C03,A-DATA-100,A,Page 2,637 - 859,223,CorpusA_Chunks\A-DATA-100\A-DATA-100-C03.txt,"A,A,A,A,A,A",datagov-compliance-framework,direct-institutional-or-academic-extraction
A-DATA-101-C01,A-DATA-101,A,Page 1,1 - 250,250,CorpusA_Chunks\A-DATA-101\A-DATA-101-C01.txt,"A,A,A,A,A,A",datagov-compliance-framework,direct-institutional-or-academic-extraction
A-DATA-101-C03,A-DATA-101,A,Page 2,566 - 893,328,CorpusA_Chunks\A-DATA-101\A-DATA-101-C03.txt,"A,A,A,A,A,A",datagov-compliance-framework,direct-institutional-or-academic-extraction
A-CSR-100-C01,A-CSR-100,A,Page 1,1 - 250,250,CorpusA_Chunks\A-CSR-100\A-CSR-100-C01.txt,"A,A,A,A,A,A",csr-compliance-framework,direct-institutional-or-academic-extraction
A-CSR-100-C04,A-CSR-100,A,Page 2,784 - 1164,381,CorpusA_Chunks\A-CSR-100\A-CSR-100-C04.txt,"A,A,A,A,A,A",csr-compliance-framework,direct-institutional-or-academic-extraction
A-CSR-100-C07,A-CSR-100,A,Page 4,1676 - 2031,356,CorpusA_Chunks\A-CSR-100\A-CSR-100-C07.txt,"A,A,A,A,A,A",csr-compliance-framework,direct-institutional-or-academic-extraction
A-EUDR-100-C01,A-EUDR-100,A,Page 1,1 - 250,250,CorpusA_Chunks\A-EUDR-100\A-EUDR-100-C01.txt,"A,A,A,A,A,A",eudr_csddd-compliance-framework,direct-institutional-or-academic-extraction
A-EUDR-100-C08,A-EUDR-100,A,Page 2,1792 - 2041,250,CorpusA_Chunks\A-EUDR-100\A-EUDR-100-C08.txt,"A,A,A,A,A,A",eudr_csddd-compliance-framework,direct-institutional-or-academic-extraction
A-EUDR-100-C15,A-EUDR-100,A,Page 4 to Page 5,3598 - 3847,250,CorpusA_Chunks\A-EUDR-100\A-EUDR-100-C15.txt,"A,A,A,A,A,A",eudr_csddd-compliance-framework,direct-institutional-or-academic-extraction
A-EUDR-100-C22,A-EUDR-100,A,Page 6,5364 - 5613,250,CorpusA_Chunks\A-EUDR-100\A-EUDR-100-C22.txt,"A,A,A,A,A,A",eudr_csddd-compliance-framework,direct-institutional-or-academic-extraction
A-EUDR-100-C29,A-EUDR-100,A,Page 8,7136 - 7385,250,CorpusA_Chunks\A-EUDR-100\A-EUDR-100-C29.txt,"A,A,A,A,A,A",eudr_csddd-compliance-framework,direct-institutional-or-academic-extraction
A-EUDR-100-C36,A-EUDR-100,A,Page 9,8886 - 9135,250,CorpusA_Chunks\A-EUDR-100\A-EUDR-100-C36.txt,"A,A,A,A,A,A",eudr_csddd-compliance-framework,direct-institutional-or-academic-extraction
A-EUDR-100-C43,A-EUDR-100,A,Page 10,10636 - 10841,206,CorpusA_Chunks\A-EUDR-100\A-EUDR-100-C43.txt,"A,A,A,A,A,A",eudr_csddd-compliance-framework,direct-institutional-or-academic-extraction
A-RES-101-C01,A-RES-101,A,Page 1,1 - 250,250,CorpusA_Chunks\A-RES-101\A-RES-101-C01.txt,"A,A,A,A,A,A",supplychain_research-compliance-framework,direct-institutional-or-academic-extraction
A-RES-101-C07,A-RES-101,A,Page 2,1558 - 1807,250,CorpusA_Chunks\A-RES-101\A-RES-101-C07.txt,"A,A,A,A,A,A",supplychain_research-compliance-framework,direct-institutional-or-academic-extraction
A-RES-101-C13,A-RES-101,A,Page 3,3192 - 3523,332,CorpusA_Chunks\A-RES-101\A-RES-101-C13.txt,"A,A,A,A,A,A",supplychain_research-compliance-framework,direct-institutional-or-academic-extraction
A-RES-101-C19,A-RES-101,A,Page 5,4822 - 5071,250,CorpusA_Chunks\A-RES-101\A-RES-101-C19.txt,"A,A,A,A,A,A",supplychain_research-compliance-framework,direct-institutional-or-academic-extraction
A-RES-101-C25,A-RES-101,A,Page 7,6505 - 6754,250,CorpusA_Chunks\A-RES-101\A-RES-101-C25.txt,"A,A,A,A,A,A",supplychain_research-compliance-framework,direct-institutional-or-academic-extraction
A-RES-101-C31,A-RES-101,A,Page 8 to Page 9,8079 - 8328,250,CorpusA_Chunks\A-RES-101\A-RES-101-C31.txt,"A,A,A,A,A,A",supplychain_research-compliance-framework,direct-institutional-or-academic-extraction
A-RES-101-C37,A-RES-101,A,Page 9,9579 - 9846,268,CorpusA_Chunks\A-RES-101\A-RES-101-C37.txt,"A,A,A,A,A,A",supplychain_research-compliance-framework,direct-institutional-or-academic-extraction
A-RES-102-C01,A-RES-102,A,Page 1,1 - 250,250,CorpusA_Chunks\A-RES-102\A-RES-102-C01.txt,"A,A,A,A,A,A",supplychain_research-compliance-framework,direct-institutional-or-academic-extraction
A-RES-102-C06,A-RES-102,A,Page 4,1282 - 1531,250,CorpusA_Chunks\A-RES-102\A-RES-102-C06.txt,"A,A,A,A,A,A",supplychain_research-compliance-framework,direct-institutional-or-academic-extraction
A-RES-102-C12,A-RES-102,A,Page 6,3016 - 3401,386,CorpusA_Chunks\A-RES-102\A-RES-102-C12.txt,"A,A,A,A,A,A",supplychain_research-compliance-framework,direct-institutional-or-academic-extraction
A-RES-102-C18,A-RES-102,A,Page 9,4702 - 4951,250,CorpusA_Chunks\A-RES-102\A-RES-102-C18.txt,"A,A,A,A,A,A",supplychain_research-compliance-framework,direct-institutional-or-academic-extraction
A-RES-102-C24,A-RES-102,A,Page 10,6256 - 6469,214,CorpusA_Chunks\A-RES-102\A-RES-102-C24.txt,"A,A,A,A,A,A",supplychain_research-compliance-framework,direct-institutional-or-academic-extraction
A-EUDR-101-C01,A-EUDR-101,A,Page 1,1 - 250,250,CorpusA_Chunks\A-EUDR-101\A-EUDR-101-C01.txt,"A,A,A,A,A,A",eudr_csddd-compliance-framework,direct-institutional-or-academic-extraction
A-EUDR-101-C16,A-EUDR-101,A,Page 5,3981 - 4230,250,CorpusA_Chunks\A-EUDR-101\A-EUDR-101-C16.txt,"A,A,A,A,A,A",eudr_csddd-compliance-framework,direct-institutional-or-academic-extraction
A-EUDR-101-C31,A-EUDR-101,A,Page 9,8012 - 8261,250,CorpusA_Chunks\A-EUDR-101\A-EUDR-101-C31.txt,"A,A,A,A,A,A",eudr_csddd-compliance-framework,direct-institutional-or-academic-extraction
A-EUDR-101-C46,A-EUDR-101,A,Page 12 to Page 13,11863 - 12112,250,CorpusA_Chunks\A-EUDR-101\A-EUDR-101-C46.txt,"A,A,A,A,A,A",eudr_csddd-compliance-framework,direct-institutional-or-academic-extraction
A-EUDR-101-C61,A-EUDR-101,A,Page 16,15712 - 16000,289,CorpusA_Chunks\A-EUDR-101\A-EUDR-101-C61.txt,"A,A,A,A,A,A",eudr_csddd-compliance-framework,direct-institutional-or-academic-extraction
A-EUDR-101-C76,A-EUDR-101,A,Page 20,19649 - 19898,250,CorpusA_Chunks\A-EUDR-101\A-EUDR-101-C76.txt,"A,A,A,A,A,A",eudr_csddd-compliance-framework,direct-institutional-or-academic-extraction
A-EUDR-101-C91,A-EUDR-101,A,Page 24,23565 - 23814,250,CorpusA_Chunks\A-EUDR-101\A-EUDR-101-C91.txt,"A,A,A,A,A,A",eudr_csddd-compliance-framework,direct-institutional-or-academic-extraction
A-EUDR-101-C106,A-EUDR-101,A,Page 28 to Page 29,27339 - 27588,250,CorpusA_Chunks\A-EUDR-101\A-EUDR-101-C106.txt,"A,A,A,A,A,A",eudr_csddd-compliance-framework,direct-institutional-or-academic-extraction
A-EUDR-101-C121,A-EUDR-101,A,Page 33 to Page 34,31450 - 31699,250,CorpusA_Chunks\A-EUDR-101\A-EUDR-101-C121.txt,"A,A,A,A,A,A",eudr_csddd-compliance-framework,direct-institutional-or-academic-extraction
A-EUDR-101-C136,A-EUDR-101,A,Page 39,35429 - 35678,250,CorpusA_Chunks\A-EUDR-101\A-EUDR-101-C136.txt,"A,A,A,A,A,A",eudr_csddd-compliance-framework,direct-institutional-or-academic-extraction
A-EUDR-101-C151,A-EUDR-101,A,Page 44,39357 - 39736,380,CorpusA_Chunks\A-EUDR-101\A-EUDR-101-C151.txt,"A,A,A,A,A,A",eudr_csddd-compliance-framework,direct-institutional-or-academic-extraction
A-EUDR-101-C166,A-EUDR-101,A,Page 50,43483 - 43732,250,CorpusA_Chunks\A-EUDR-101\A-EUDR-101-C166.txt,"A,A,A,A,A,A",eudr_csddd-compliance-framework,direct-institutional-or-academic-extraction
A-EUDR-101-C181,A-EUDR-101,A,Page 55,47351 - 47600,250,CorpusA_Chunks\A-EUDR-101\A-EUDR-101-C181.txt,"A,A,A,A,A,A",eudr_csddd-compliance-framework,direct-institutional-or-academic-extraction
A-EUDR-101-C196,A-EUDR-101,A,Page 60,51145 - 51394,250,CorpusA_Chunks\A-EUDR-101\A-EUDR-101-C196.txt,"A,A,A,A,A,A",eudr_csddd-compliance-framework,direct-institutional-or-academic-extraction
A-EUDR-101-C212,A-EUDR-101,A,Page 65 to Page 66,55526 - 55809,284,CorpusA_Chunks\A-EUDR-101\A-EUDR-101-C212.txt,"A,A,A,A,A,A",eudr_csddd-compliance-framework,direct-institutional-or-academic-extraction
A-RES-103-C01,A-RES-103,A,Page 1 to Page 2,1 - 250,250,CorpusA_Chunks\A-RES-103\A-RES-103-C01.txt,"A,A,A,A,A,A",supplychain_research-compliance-framework,direct-institutional-or-academic-extraction
A-RES-103-C09,A-RES-103,A,Page 7 to Page 8,2224 - 2473,250,CorpusA_Chunks\A-RES-103\A-RES-103-C09.txt,"A,A,A,A,A,A",supplychain_research-compliance-framework,direct-institutional-or-academic-extraction
A-RES-103-C18,A-RES-103,A,Page 12,4642 - 5007,366,CorpusA_Chunks\A-RES-103\A-RES-103-C18.txt,"A,A,A,A,A,A",supplychain_research-compliance-framework,direct-institutional-or-academic-extraction
A-RES-103-C27,A-RES-103,A,Page 17,7009 - 7258,250,CorpusA_Chunks\A-RES-103\A-RES-103-C27.txt,"A,A,A,A,A,A",supplychain_research-compliance-framework,direct-institutional-or-academic-extraction
A-RES-103-C35,A-RES-103,A,Page 21 to Page 22,9272 - 9521,250,CorpusA_Chunks\A-RES-103\A-RES-103-C35.txt,"A,A,A,A,A,A",supplychain_research-compliance-framework,direct-institutional-or-academic-extraction
A-RES-103-C44,A-RES-103,A,Page 27,11887 - 12136,250,CorpusA_Chunks\A-RES-103\A-RES-103-C44.txt,"A,A,A,A,A,A",supplychain_research-compliance-framework,direct-institutional-or-academic-extraction
A-RES-103-C53,A-RES-103,A,Page 31 to Page 32,14400 - 14649,250,CorpusA_Chunks\A-RES-103\A-RES-103-C53.txt,"A,A,A,A,A,A",supplychain_research-compliance-framework,direct-institutional-or-academic-extraction
A-RES-103-C62,A-RES-103,A,Page 39,16955 - 17122,168,CorpusA_Chunks\A-RES-103\A-RES-103-C62.txt,"A,A,A,A,A,A",supplychain_research-compliance-framework,direct-institutional-or-academic-extraction
A-RES-105-C01,A-RES-105,A,Page 1,1 - 392,392,CorpusA_Chunks\A-RES-105\A-RES-105-C01.txt,"A,A,A,A,A,A",supplychain_research-compliance-framework,direct-institutional-or-academic-extraction
A-RES-105-C06,A-RES-105,A,Page 5,1516 - 1903,388,CorpusA_Chunks\A-RES-105\A-RES-105-C06.txt,"A,A,A,A,A,A",supplychain_research-compliance-framework,direct-institutional-or-academic-extraction
A-RES-105-C11,A-RES-105,A,Page 9,3173 - 3422,250,CorpusA_Chunks\A-RES-105\A-RES-105-C11.txt,"A,A,A,A,A,A",supplychain_research-compliance-framework,direct-institutional-or-academic-extraction
A-RES-105-C16,A-RES-105,A,Page 11,4427 - 4784,358,CorpusA_Chunks\A-RES-105\A-RES-105-C16.txt,"A,A,A,A,A,A",supplychain_research-compliance-framework,direct-institutional-or-academic-extraction
A-RES-105-C21,A-RES-105,A,Page 14,6026 - 6275,250,CorpusA_Chunks\A-RES-105\A-RES-105-C21.txt,"A,A,A,A,A,A",supplychain_research-compliance-framework,direct-institutional-or-academic-extraction
A-RES-105-C27,A-RES-105,A,Page 17,7830 - 8054,225,CorpusA_Chunks\A-RES-105\A-RES-105-C27.txt,"A,A,A,A,A,A",supplychain_research-compliance-framework,direct-institutional-or-academic-extraction
A-RES-106-C01,A-RES-106,A,Page 1 to Page 2,1 - 250,250,CorpusA_Chunks\A-RES-106\A-RES-106-C01.txt,"A,A,A,A,A,A",supplychain_research-compliance-framework,direct-institutional-or-academic-extraction
A-RES-106-C09,A-RES-106,A,Page 4 to Page 5,2147 - 2396,250,CorpusA_Chunks\A-RES-106\A-RES-106-C09.txt,"A,A,A,A,A,A",supplychain_research-compliance-framework,direct-institutional-or-academic-extraction
A-RES-106-C17,A-RES-106,A,Page 10,4363 - 4720,358,CorpusA_Chunks\A-RES-106\A-RES-106-C17.txt,"A,A,A,A,A,A",supplychain_research-compliance-framework,direct-institutional-or-academic-extraction
A-RES-106-C25,A-RES-106,A,Page 14,6582 - 6831,250,CorpusA_Chunks\A-RES-106\A-RES-106-C25.txt,"A,A,A,A,A,A",supplychain_research-compliance-framework,direct-institutional-or-academic-extraction
A-RES-106-C33,A-RES-106,A,Page 17,8724 - 8973,250,CorpusA_Chunks\A-RES-106\A-RES-106-C33.txt,"A,A,A,A,A,A",supplychain_research-compliance-framework,direct-institutional-or-academic-extraction
A-RES-106-C41,A-RES-106,A,Page 19,10779 - 11079,301,CorpusA_Chunks\A-RES-106\A-RES-106-C41.txt,"A,A,A,A,A,A",supplychain_research-compliance-framework,direct-institutional-or-academic-extraction
A-RES-106-C49,A-RES-106,A,Page 23,13039 - 13288,250,CorpusA_Chunks\A-RES-106\A-RES-106-C49.txt,"A,A,A,A,A,A",supplychain_research-compliance-framework,direct-institutional-or-academic-extraction
A-RES-106-C58,A-RES-106,A,Page 26,15644 - 15782,139,CorpusA_Chunks\A-RES-106\A-RES-106-C58.txt,"A,A,A,A,A,A",supplychain_research-compliance-framework,direct-institutional-or-academic-extraction
A-EUDR-102-C01,A-EUDR-102,A,Page 1,1 - 250,250,CorpusA_Chunks\A-EUDR-102\A-EUDR-102-C01.txt,"A,A,A,A,A,A",eudr_csddd-compliance-framework,direct-institutional-or-academic-extraction
A-EUDR-102-C06,A-EUDR-102,A,Page 3,1447 - 1795,349,CorpusA_Chunks\A-EUDR-102\A-EUDR-102-C06.txt,"A,A,A,A,A,A",eudr_csddd-compliance-framework,direct-institutional-or-academic-extraction
A-EUDR-102-C11,A-EUDR-102,A,Page 6,2959 - 3208,250,CorpusA_Chunks\A-EUDR-102\A-EUDR-102-C11.txt,"A,A,A,A,A,A",eudr_csddd-compliance-framework,direct-institutional-or-academic-extraction
A-EUDR-102-C16,A-EUDR-102,A,Page 8,4283 - 4532,250,CorpusA_Chunks\A-EUDR-102\A-EUDR-102-C16.txt,"A,A,A,A,A,A",eudr_csddd-compliance-framework,direct-institutional-or-academic-extraction
A-EUDR-102-C21,A-EUDR-102,A,Page 10,5612 - 5861,250,CorpusA_Chunks\A-EUDR-102\A-EUDR-102-C21.txt,"A,A,A,A,A,A",eudr_csddd-compliance-framework,direct-institutional-or-academic-extraction
A-EUDR-102-C27,A-EUDR-102,A,Page 12,7257 - 7619,363,CorpusA_Chunks\A-EUDR-102\A-EUDR-102-C27.txt,"A,A,A,A,A,A",eudr_csddd-compliance-framework,direct-institutional-or-academic-extraction
A-CSR-101-C01,A-CSR-101,A,Page 1,1 - 250,250,CorpusA_Chunks\A-CSR-101\A-CSR-101-C01.txt,"A,A,A,A,A,A",csr-compliance-framework,direct-institutional-or-academic-extraction
A-CSR-101-C10,A-CSR-101,A,Page 3,2251 - 2500,250,CorpusA_Chunks\A-CSR-101\A-CSR-101-C10.txt,"A,A,A,A,A,A",csr-compliance-framework,direct-institutional-or-academic-extraction
A-CSR-101-C20,A-CSR-101,A,Page 4,4751 - 5000,250,CorpusA_Chunks\A-CSR-101\A-CSR-101-C20.txt,"A,A,A,A,A,A",csr-compliance-framework,direct-institutional-or-academic-extraction
A-CSR-101-C29,A-CSR-101,A,Page 6,7022 - 7393,372,CorpusA_Chunks\A-CSR-101\A-CSR-101-C29.txt,"A,A,A,A,A,A",csr-compliance-framework,direct-institutional-or-academic-extraction
A-CSR-101-C39,A-CSR-101,A,Page 8 to Page 9,9783 - 10032,250,CorpusA_Chunks\A-CSR-101\A-CSR-101-C39.txt,"A,A,A,A,A,A",csr-compliance-framework,direct-institutional-or-academic-extraction
A-CSR-101-C48,A-CSR-101,A,Page 10,12110 - 12359,250,CorpusA_Chunks\A-CSR-101\A-CSR-101-C48.txt,"A,A,A,A,A,A",csr-compliance-framework,direct-institutional-or-academic-extraction
A-CSR-101-C58,A-CSR-101,A,Page 12,14732 - 14981,250,CorpusA_Chunks\A-CSR-101\A-CSR-101-C58.txt,"A,A,A,A,A,A",csr-compliance-framework,direct-institutional-or-academic-extraction
A-CSR-101-C67,A-CSR-101,A,Page 14,17124 - 17491,368,CorpusA_Chunks\A-CSR-101\A-CSR-101-C67.txt,"A,A,A,A,A,A",csr-compliance-framework,direct-institutional-or-academic-extraction
A-CSR-101-C77,A-CSR-101,A,Page 16,19804 - 20177,374,CorpusA_Chunks\A-CSR-101\A-CSR-101-C77.txt,"A,A,A,A,A,A",csr-compliance-framework,direct-institutional-or-academic-extraction
A-DATA-102-C01,A-DATA-102,A,Page 1 to Page 2,1 - 250,250,CorpusA_Chunks\A-DATA-102\A-DATA-102-C01.txt,"A,A,A,A,A,A",datagov-compliance-framework,direct-institutional-or-academic-extraction
A-DATA-102-C02,A-DATA-102,A,Page 2 to Page 3,251 - 642,392,CorpusA_Chunks\A-DATA-102\A-DATA-102-C02.txt,"A,A,A,A,A,A",datagov-compliance-framework,direct-institutional-or-academic-extraction
A-RES-107-C01,A-RES-107,A,Page 1,1 - 250,250,CorpusA_Chunks\A-RES-107\A-RES-107-C01.txt,"A,A,A,A,A,A",supplychain_research-compliance-framework,direct-institutional-or-academic-extraction
A-RES-107-C09,A-RES-107,A,Page 3,2211 - 2460,250,CorpusA_Chunks\A-RES-107\A-RES-107-C09.txt,"A,A,A,A,A,A",supplychain_research-compliance-framework,direct-institutional-or-academic-extraction
A-RES-107-C17,A-RES-107,A,Page 5,4242 - 4491,250,CorpusA_Chunks\A-RES-107\A-RES-107-C17.txt,"A,A,A,A,A,A",supplychain_research-compliance-framework,direct-institutional-or-academic-extraction
A-RES-107-C26,A-RES-107,A,Page 7,6577 - 6888,312,CorpusA_Chunks\A-RES-107\A-RES-107-C26.txt,"A,A,A,A,A,A",supplychain_research-compliance-framework,direct-institutional-or-academic-extraction
A-RES-107-C34,A-RES-107,A,Page 10,8757 - 9006,250,CorpusA_Chunks\A-RES-107\A-RES-107-C34.txt,"A,A,A,A,A,A",supplychain_research-compliance-framework,direct-institutional-or-academic-extraction
A-RES-107-C42,A-RES-107,A,Page 12,10932 - 11181,250,CorpusA_Chunks\A-RES-107\A-RES-107-C42.txt,"A,A,A,A,A,A",supplychain_research-compliance-framework,direct-institutional-or-academic-extraction
A-RES-107-C51,A-RES-107,A,Page 14,13219 - 13468,250,CorpusA_Chunks\A-RES-107\A-RES-107-C51.txt,"A,A,A,A,A,A",supplychain_research-compliance-framework,direct-institutional-or-academic-extraction
A-RES-107-C59,A-RES-107,A,Page 17,15411 - 15660,250,CorpusA_Chunks\A-RES-107\A-RES-107-C59.txt,"A,A,A,A,A,A",supplychain_research-compliance-framework,direct-institutional-or-academic-extraction
A-RES-107-C68,A-RES-107,A,Page 19,17791 - 18021,231,CorpusA_Chunks\A-RES-107\A-RES-107-C68.txt,"A,A,A,A,A,A",supplychain_research-compliance-framework,direct-institutional-or-academic-extraction
A-RES-108-C01,A-RES-108,A,Page 1,1 - 250,250,CorpusA_Chunks\A-RES-108\A-RES-108-C01.txt,"A,A,A,A,A,A",supplychain_research-compliance-framework,direct-institutional-or-academic-extraction
A-RES-108-C08,A-RES-108,A,Page 2,1780 - 2030,251,CorpusA_Chunks\A-RES-108\A-RES-108-C08.txt,"A,A,A,A,A,A",supplychain_research-compliance-framework,direct-institutional-or-academic-extraction
A-RES-108-C16,A-RES-108,A,Page 4,3781 - 4030,250,CorpusA_Chunks\A-RES-108\A-RES-108-C16.txt,"A,A,A,A,A,A",supplychain_research-compliance-framework,direct-institutional-or-academic-extraction
A-RES-108-C24,A-RES-108,A,Page 6 to Page 7,5909 - 6158,250,CorpusA_Chunks\A-RES-108\A-RES-108-C24.txt,"A,A,A,A,A,A",supplychain_research-compliance-framework,direct-institutional-or-academic-extraction
A-RES-108-C32,A-RES-108,A,Page 8,7909 - 8158,250,CorpusA_Chunks\A-RES-108\A-RES-108-C32.txt,"A,A,A,A,A,A",supplychain_research-compliance-framework,direct-institutional-or-academic-extraction
A-RES-108-C40,A-RES-108,A,Page 10,10054 - 10324,271,CorpusA_Chunks\A-RES-108\A-RES-108-C40.txt,"A,A,A,A,A,A",supplychain_research-compliance-framework,direct-institutional-or-academic-extraction
A-RES-108-C48,A-RES-108,A,Page 12,12093 - 12342,250,CorpusA_Chunks\A-RES-108\A-RES-108-C48.txt,"A,A,A,A,A,A",supplychain_research-compliance-framework,direct-institutional-or-academic-extraction
A-RES-108-C56,A-RES-108,A,Page 13,14098 - 14257,160,CorpusA_Chunks\A-RES-108\A-RES-108-C56.txt,"A,A,A,A,A,A",supplychain_research-compliance-framework,direct-institutional-or-academic-extraction
A-RES-109-C01,A-RES-109,A,Page 1,1 - 250,250,CorpusA_Chunks\A-RES-109\A-RES-109-C01.txt,"A,A,A,A,A,A",supplychain_research-compliance-framework,direct-institutional-or-academic-extraction
A-RES-109-C12,A-RES-109,A,Page 5 to Page 6,2903 - 3152,250,CorpusA_Chunks\A-RES-109\A-RES-109-C12.txt,"A,A,A,A,A,A",supplychain_research-compliance-framework,direct-institutional-or-academic-extraction
A-RES-109-C23,A-RES-109,A,Page 11,6057 - 6400,344,CorpusA_Chunks\A-RES-109\A-RES-109-C23.txt,"A,A,A,A,A,A",supplychain_research-compliance-framework,direct-institutional-or-academic-extraction
A-RES-109-C34,A-RES-109,A,Page 17,9001 - 9259,259,CorpusA_Chunks\A-RES-109\A-RES-109-C34.txt,"A,A,A,A,A,A",supplychain_research-compliance-framework,direct-institutional-or-academic-extraction
A-RES-109-C45,A-RES-109,A,Page 23,11847 - 12096,250,CorpusA_Chunks\A-RES-109\A-RES-109-C45.txt,"A,A,A,A,A,A",supplychain_research-compliance-framework,direct-institutional-or-academic-extraction
A-RES-109-C56,A-RES-109,A,Page 27,14887 - 15273,387,CorpusA_Chunks\A-RES-109\A-RES-109-C56.txt,"A,A,A,A,A,A",supplychain_research-compliance-framework,direct-institutional-or-academic-extraction
A-RES-109-C67,A-RES-109,A,Page 32,18020 - 18269,250,CorpusA_Chunks\A-RES-109\A-RES-109-C67.txt,"A,A,A,A,A,A",supplychain_research-compliance-framework,direct-institutional-or-academic-extraction
A-RES-109-C78,A-RES-109,A,Page 36,20780 - 21029,250,CorpusA_Chunks\A-RES-109\A-RES-109-C78.txt,"A,A,A,A,A,A",supplychain_research-compliance-framework,direct-institutional-or-academic-extraction
A-RES-109-C89,A-RES-109,A,Page 39,23576 - 23834,259,CorpusA_Chunks\A-RES-109\A-RES-109-C89.txt,"A,A,A,A,A,A",supplychain_research-compliance-framework,direct-institutional-or-academic-extraction
A-RES-109-C100,A-RES-109,A,Page 43,26399 - 26648,250,CorpusA_Chunks\A-RES-109\A-RES-109-C100.txt,"A,A,A,A,A,A",supplychain_research-compliance-framework,direct-institutional-or-academic-extraction
A-RES-109-C111,A-RES-109,A,Page 47,29155 - 29466,312,CorpusA_Chunks\A-RES-109\A-RES-109-C111.txt,"A,A,A,A,A,A",supplychain_research-compliance-framework,direct-institutional-or-academic-extraction
A-RES-104-C01,A-RES-104,A,Page 1,1 - 250,250,CorpusA_Chunks\A-RES-104\A-RES-104-C01.txt,"A,A,A,A,A,A",supplychain_research-compliance-framework,direct-institutional-or-academic-extraction
A-RES-104-C08,A-RES-104,A,Page 3,1866 - 2115,250,CorpusA_Chunks\A-RES-104\A-RES-104-C08.txt,"A,A,A,A,A,A",supplychain_research-compliance-framework,direct-institutional-or-academic-extraction
A-RES-104-C16,A-RES-104,A,Page 5,3980 - 4229,250,CorpusA_Chunks\A-RES-104\A-RES-104-C16.txt,"A,A,A,A,A,A",supplychain_research-compliance-framework,direct-institutional-or-academic-extraction
A-RES-104-C24,A-RES-104,A,Page 7 to Page 8,6021 - 6270,250,CorpusA_Chunks\A-RES-104\A-RES-104-C24.txt,"A,A,A,A,A,A",supplychain_research-compliance-framework,direct-institutional-or-academic-extraction
A-RES-104-C31,A-RES-104,A,Page 10,7771 - 8020,250,CorpusA_Chunks\A-RES-104\A-RES-104-C31.txt,"A,A,A,A,A,A",supplychain_research-compliance-framework,direct-institutional-or-academic-extraction
A-RES-104-C39,A-RES-104,A,Page 13,10072 - 10321,250,CorpusA_Chunks\A-RES-104\A-RES-104-C39.txt,"A,A,A,A,A,A",supplychain_research-compliance-framework,direct-institutional-or-academic-extraction
A-RES-104-C47,A-RES-104,A,Page 14,12072 - 12321,250,CorpusA_Chunks\A-RES-104\A-RES-104-C47.txt,"A,A,A,A,A,A",supplychain_research-compliance-framework,direct-institutional-or-academic-extraction
A-RES-104-C55,A-RES-104,A,Page 16,14348 - 14602,255,CorpusA_Chunks\A-RES-104\A-RES-104-C55.txt,"A,A,A,A,A,A",supplychain_research-compliance-framework,direct-institutional-or-academic-extraction
A-CSR-102-C01,A-CSR-102,A,Page 1,1 - 263,263,CorpusA_Chunks\A-CSR-102\A-CSR-102-C01.txt,"A,A,A,A,A,A",csr-compliance-framework,direct-institutional-or-academic-extraction
A-CSR-102-C04,A-CSR-102,A,Page 3,764 - 1089,326,CorpusA_Chunks\A-CSR-102\A-CSR-102-C04.txt,"A,A,A,A,A,A",csr-compliance-framework,direct-institutional-or-academic-extraction
A-CSR-102-C07,A-CSR-102,A,Page 6 to Page 7,1749 - 1957,209,CorpusA_Chunks\A-CSR-102\A-CSR-102-C07.txt,"A,A,A,A,A,A",csr-compliance-framework,direct-institutional-or-academic-extraction
