doc_id,source_file,marker,words_before,words_after
B-GD-001,CorpusB/GDELT/B-GD-001.txt,gdelt_article_marker,727,605
B-GD-002,CorpusB/GDELT/B-GD-002.txt,gdelt_article_marker,533,417
B-GD-006,CorpusB/GDELT/B-GD-006.txt,gdelt_article_marker,1319,1200
B-GD-007,CorpusB/GDELT/B-GD-007.txt,gdelt_article_marker,5515,5398
B-GD-008,CorpusB/GDELT/B-GD-008.txt,gdelt_article_marker,652,536
B-GD-009,CorpusB/GDELT/B-GD-009.txt,gdelt_article_marker,1016,897
B-GD-011,CorpusB/GDELT/B-GD-011.txt,gdelt_article_marker,618,494
B-GD-012,CorpusB/GDELT/B-GD-012.txt,gdelt_article_marker,746,631
B-GD-013,CorpusB/GDELT/B-GD-013.txt,gdelt_article_marker,652,539
B-GD-015,CorpusB/GDELT/B-GD-015.txt,gdelt_article_marker,833,719
B-GD-016,CorpusB/GDELT/B-GD-016.txt,gdelt_article_marker,717,602
B-GD-017,CorpusB/GDELT/B-GD-017.txt,gdelt_article_marker,569,455
B-GD-018,CorpusB/GDELT/B-GD-018.txt,gdelt_article_marker,836,710
B-GD-019,CorpusB/GDELT/B-GD-019.txt,gdelt_article_marker,1225,1111
B-GD-020,CorpusB/GDELT/B-GD-020.txt,gdelt_article_marker,1626,1513
B-GD-021,CorpusB/GDELT/B-GD-021.txt,gdelt_article_marker,592,480
B-GD-023,CorpusB/GDELT/B-GD-023.txt,gdelt_article_marker,1376,1261
B-GD-024,CorpusB/GDELT/B-GD-024.txt,gdelt_article_marker,1186,1073
B-GD-025,CorpusB/GDELT/B-GD-025.txt,gdelt_article_marker,1834,1720
B-GD-026,CorpusB/GDELT/B-GD-026.txt,gdelt_article_marker,819,704
B-GD-027,CorpusB/GDELT/B-GD-027.txt,gdelt_article_marker,778,660
B-GD-029,CorpusB/GDELT/B-GD-029.txt,gdelt_article_marker,1502,1387
B-GD-030,CorpusB/GDELT/B-GD-030.txt,gdelt_article_marker,566,453
B-GD-031,CorpusB/GDELT/B-GD-031.txt,gdelt_article_marker,786,674
B-GD-032,CorpusB/GDELT/B-GD-032.txt,gdelt_article_marker,1177,1067
B-GD-033,CorpusB/GDELT/B-GD-033.txt,gdelt_article_marker,1171,1055
B-GD-034,CorpusB/GDELT/B-GD-034.txt,gdelt_article_marker,712,593
B-GD-035,CorpusB/GDELT/B-GD-035.txt,gdelt_article_marker,863,735
B-GD-036,CorpusB/GDELT/B-GD-036.txt,gdelt_article_marker,1092,974
B-GD-037,CorpusB/GDELT/B-GD-037.txt,gdelt_article_marker,1174,1063
B-GD-038,CorpusB/GDELT/B-GD-038.txt,gdelt_article_marker,660,542
B-GD-039,CorpusB/GDELT/B-GD-039.txt,gdelt_article_marker,716,601
B-GD-040,CorpusB/GDELT/B-GD-040.txt,gdelt_article_marker,643,529
B-GD-041,CorpusB/GDELT/B-GD-041.txt,gdelt_article_marker,958,844
B-GD-043,CorpusB/GDELT/B-GD-043.txt,gdelt_article_marker,636,519
B-GD-044,CorpusB/GDELT/B-GD-044.txt,gdelt_article_marker,645,526
B-GD-045,CorpusB/GDELT/B-GD-045.txt,gdelt_article_marker,533,421
B-GD-046,CorpusB/GDELT/B-GD-046.txt,gdelt_article_marker,840,723
B-GD-047,CorpusB/GDELT/B-GD-047.txt,gdelt_article_marker,823,705
B-GD-050,CorpusB/GDELT/B-GD-050.txt,gdelt_article_marker,681,565
B-GD-052,CorpusB/GDELT/B-GD-052.txt,gdelt_article_marker,944,827
B-GD-054,CorpusB/GDELT/B-GD-054.txt,gdelt_article_marker,629,508
B-GD-055,CorpusB/GDELT/B-GD-055.txt,gdelt_article_marker,574,461
B-GD-056,CorpusB/GDELT/B-GD-056.txt,gdelt_article_marker,612,488
B-GD-057,CorpusB/GDELT/B-GD-057.txt,gdelt_article_marker,1458,1343
B-GD-058,CorpusB/GDELT/B-GD-058.txt,gdelt_article_marker,534,416
B-GD-059,CorpusB/GDELT/B-GD-059.txt,gdelt_article_marker,829,710
B-GD-060,CorpusB/GDELT/B-GD-060.txt,gdelt_article_marker,528,404
B-GD-061,CorpusB/GDELT/B-GD-061.txt,gdelt_article_marker,549,429
B-GD-065,CorpusB/GDELT/B-GD-065.txt,gdelt_article_marker,636,513
B-GD-067,CorpusB/GDELT/B-GD-067.txt,gdelt_article_marker,729,610
B-GD-068,CorpusB/GDELT/B-GD-068.txt,gdelt_article_marker,907,790
B-GD-069,CorpusB/GDELT/B-GD-069.txt,gdelt_article_marker,1047,934
B-GD-070,CorpusB/GDELT/B-GD-070.txt,gdelt_article_marker,603,489
B-GD-071,CorpusB/GDELT/B-GD-071.txt,gdelt_article_marker,1497,1377
B-GD-072,CorpusB/GDELT/B-GD-072.txt,gdelt_article_marker,572,452
B-GD-073,CorpusB/GDELT/B-GD-073.txt,gdelt_article_marker,547,422
B-GD-075,CorpusB/GDELT/B-GD-075.txt,gdelt_article_marker,620,496
B-GD-076,CorpusB/GDELT/B-GD-076.txt,gdelt_article_marker,823,706
B-GD-078,CorpusB/GDELT/B-GD-078.txt,gdelt_article_marker,523,411
B-GD-079,CorpusB/GDELT/B-GD-079.txt,gdelt_article_marker,544,425
B-GD-080,CorpusB/GDELT/B-GD-080.txt,gdelt_article_marker,554,429
B-GD-081,CorpusB/GDELT/B-GD-081.txt,gdelt_article_marker,521,403
B-GD-082,CorpusB/GDELT/B-GD-082.txt,gdelt_article_marker,535,421
B-GD-083,CorpusB/GDELT/B-GD-083.txt,gdelt_article_marker,680,565
B-GD-084,CorpusB/GDELT/B-GD-084.txt,gdelt_article_marker,892,776
B-GD-085,CorpusB/GDELT/B-GD-085.txt,gdelt_article_marker,808,692
B-GD-086,CorpusB/GDELT/B-GD-086.txt,gdelt_article_marker,728,613
B-GD-087,CorpusB/GDELT/B-GD-087.txt,gdelt_article_marker,687,571
B-GD-088,CorpusB/GDELT/B-GD-088.txt,gdelt_article_marker,1003,890
B-GD-089,CorpusB/GDELT/B-GD-089.txt,gdelt_article_marker,1408,1293
B-GD-090,CorpusB/GDELT/B-GD-090.txt,gdelt_article_marker,650,529
B-GD-093,CorpusB/GDELT/B-GD-093.txt,gdelt_article_marker,708,587
B-GD-095,CorpusB/GDELT/B-GD-095.txt,gdelt_article_marker,1095,968
B-GD-096,CorpusB/GDELT/B-GD-096.txt,gdelt_article_marker,522,408
B-GD-097,CorpusB/GDELT/B-GD-097.txt,gdelt_article_marker,562,447
B-GD-098,CorpusB/GDELT/B-GD-098.txt,gdelt_article_marker,1293,1170
B-GD-099,CorpusB/GDELT/B-GD-099.txt,gdelt_article_marker,591,475
B-GD-100,CorpusB/GDELT/B-GD-100.txt,gdelt_article_marker,1184,1063
B-GD-101,CorpusB/GDELT/B-GD-101.txt,gdelt_article_marker,3152,3038
B-GD-103,CorpusB/GDELT/B-GD-103.txt,gdelt_article_marker,529,410
B-GD-104,CorpusB/GDELT/B-GD-104.txt,gdelt_article_marker,711,597
B-GD-105,CorpusB/GDELT/B-GD-105.txt,gdelt_article_marker,1100,982
B-GD-106,CorpusB/GDELT/B-GD-106.txt,gdelt_article_marker,527,403
B-GD-107,CorpusB/GDELT/B-GD-107.txt,gdelt_article_marker,545,428
B-GD-108,CorpusB/GDELT/B-GD-108.txt,gdelt_article_marker,1557,1434
B-YT-002,CorpusB/YouTube/B-YT-002.txt,youtube_description_marker,526,445
B-YT-005,CorpusB/YouTube/B-YT-005.txt,youtube_description_marker,534,452
B-YT-009,CorpusB/YouTube/B-YT-009.txt,youtube_description_marker,553,475
