doc_id,tier,auto_fill,locus_primary,locus_secondary,dominant_real_topic,dominant_real_topic_share,reason,all_topic_shares
A-APEDA-001,A,True,,,6.0,1.0,"single real topic (6), no noise chunks",6:1.00
A-APEDA-002,A,True,,,6.0,1.0,"single real topic (6), no noise chunks",6:1.00
A-APEDA-004,A,True,,,6.0,1.0,"single real topic (6), no noise chunks",6:1.00
A-APEDA-005,A,True,,,6.0,1.0,"single real topic (6), no noise chunks",6:1.00
A-APEDA-007,B,True,,,6.0,0.391,single real topic (6); noise chunks discarded from vote,-1:0.61;6:0.39
A-APEDA-008,B,True,,,6.0,0.394,single real topic (6); noise chunks discarded from vote,-1:0.61;6:0.39
A-APEDA-009,A,True,,,6.0,1.0,"single real topic (6), no noise chunks",6:1.00
A-APEDA-010,A,True,,,6.0,1.0,"single real topic (6), no noise chunks",6:1.00
A-SPICE-001,A,True,,,1.0,1.0,"single real topic (1), no noise chunks",1:1.00
A-SPICE-002,D,False,,,,,no modeling units exist for this document (never chunked/embedded),
A-SPICE-003,A,True,,,1.0,1.0,"single real topic (1), no noise chunks",1:1.00
A-SPICE-004,A,True,,,1.0,1.0,"single real topic (1), no noise chunks",1:1.00
A-SPICE-005,A,True,,,1.0,1.0,"single real topic (1), no noise chunks",1:1.00
A-SPICE-006,A,True,,,1.0,1.0,"single real topic (1), no noise chunks",1:1.00
A-SPICE-007,A,True,,,1.0,1.0,"single real topic (1), no noise chunks",1:1.00
A-SPICE-008,A,True,,,1.0,1.0,"single real topic (1), no noise chunks",1:1.00
A-MPEDA-001,A,True,,,1.0,1.0,"single real topic (1), no noise chunks",1:1.00
A-MPEDA-003,C,False,[HYPOTHESIS-REVIEW] nan,,1.0,0.719,"2 real topics present ([1, 11]) - no clean single winner",1:0.72;11:0.28
A-MPEDA-004,C,False,[HYPOTHESIS-REVIEW] nan,,12.0,0.09,"2 real topics present ([1, 12]) - no clean single winner",-1:0.82;12:0.09;1:0.09
A-MPEDA-005,A,True,,,1.0,1.0,"single real topic (1), no noise chunks",1:1.00
A-MPEDA-006,A,True,,,1.0,1.0,"single real topic (1), no noise chunks",1:1.00
A-MPEDA-007,A,True,,,1.0,1.0,"single real topic (1), no noise chunks",1:1.00
A-MPEDA-008,A,True,,,1.0,1.0,"single real topic (1), no noise chunks",1:1.00
A-EIC-001,A,True,,,1.0,1.0,"single real topic (1), no noise chunks",1:1.00
A-EIC-002,A,True,,,1.0,1.0,"single real topic (1), no noise chunks",1:1.00
A-EIC-003,A,True,,,1.0,1.0,"single real topic (1), no noise chunks",1:1.00
A-EIC-004,A,True,,,1.0,1.0,"single real topic (1), no noise chunks",1:1.00
A-EIC-005,A,True,,,1.0,1.0,"single real topic (1), no noise chunks",1:1.00
A-FSSAI-001,A,True,,,11.0,1.0,"single real topic (11), no noise chunks",11:1.00
A-FSSAI-002,A,True,,,1.0,1.0,"single real topic (1), no noise chunks",1:1.00
A-FSSAI-003,A,True,,,1.0,1.0,"single real topic (1), no noise chunks",1:1.00
A-FSSAI-004,C,False,,,,,100% Topic -1 (outlier) - topic model has no locus opinion for this document,-1:1.00
A-FSSAI-005,A,True,,,1.0,1.0,"single real topic (1), no noise chunks",1:1.00
A-EU-001,A,True,,,1.0,1.0,"single real topic (1), no noise chunks",1:1.00
A-EU-002,A,True,,,1.0,1.0,"single real topic (1), no noise chunks",1:1.00
A-EU-003,A,True,,,1.0,1.0,"single real topic (1), no noise chunks",1:1.00
A-EU-004,A,True,,,1.0,1.0,"single real topic (1), no noise chunks",1:1.00
A-EU-005,A,True,,,1.0,1.0,"single real topic (1), no noise chunks",1:1.00
A-DGFT-001,A,True,,,1.0,1.0,"single real topic (1), no noise chunks",1:1.00
A-DGFT-002,A,True,,,1.0,1.0,"single real topic (1), no noise chunks",1:1.00
A-DGFT-003,A,True,,,1.0,1.0,"single real topic (1), no noise chunks",1:1.00
A-DGFT-004,A,True,,,1.0,1.0,"single real topic (1), no noise chunks",1:1.00
A-DGFT-005,A,True,,,1.0,1.0,"single real topic (1), no noise chunks",1:1.00
A-DATA-001,D,False,,,,,no modeling units exist for this document (never chunked/embedded),
A-ZED-001,C,False,,,,,100% Topic -1 (outlier) - topic model has no locus opinion for this document,-1:1.00
A-ZED-002,C,False,,,,,100% Topic -1 (outlier) - topic model has no locus opinion for this document,-1:1.00
A-CSR-001,A,True,,,10.0,1.0,"single real topic (10), no noise chunks",10:1.00
A-CSR-002,A,True,,,0.0,1.0,"single real topic (0), no noise chunks",0:1.00
A-EUDR-001,A,True,,,0.0,1.0,"single real topic (0), no noise chunks",0:1.00
A-EUDR-002,A,True,,,0.0,1.0,"single real topic (0), no noise chunks",0:1.00
A-EUDR-003,A,True,,,6.0,1.0,"single real topic (6), no noise chunks",6:1.00
A-EU-006,A,True,,,1.0,1.0,"single real topic (1), no noise chunks",1:1.00
A-EU-007,A,True,,,1.0,1.0,"single real topic (1), no noise chunks",1:1.00
A-EU-008,A,True,,,1.0,1.0,"single real topic (1), no noise chunks",1:1.00
A-EU-009,A,True,,,1.0,1.0,"single real topic (1), no noise chunks",1:1.00
A-EU-010,A,True,,,1.0,1.0,"single real topic (1), no noise chunks",1:1.00
A-EU-011,A,True,,,1.0,1.0,"single real topic (1), no noise chunks",1:1.00
A-EU-013,A,True,,,1.0,1.0,"single real topic (1), no noise chunks",1:1.00
A-EU-014,A,True,,,1.0,1.0,"single real topic (1), no noise chunks",1:1.00
A-EU-015,A,True,,,1.0,1.0,"single real topic (1), no noise chunks",1:1.00
A-INDIA-001,A,True,,,1.0,1.0,"single real topic (1), no noise chunks",1:1.00
A-INDIA-002,A,True,,,1.0,1.0,"single real topic (1), no noise chunks",1:1.00
A-INDIA-003,D,False,,,,,no modeling units exist for this document (never chunked/embedded),
A-GAZ-001,A,True,,,1.0,1.0,"single real topic (1), no noise chunks",1:1.00
A-GAZ-002,A,True,,,1.0,1.0,"single real topic (1), no noise chunks",1:1.00
A-GAZ-003,A,True,,,1.0,1.0,"single real topic (1), no noise chunks",1:1.00
A-GAZ-004,A,True,,,1.0,1.0,"single real topic (1), no noise chunks",1:1.00
A-GAZ-005,A,True,,,1.0,1.0,"single real topic (1), no noise chunks",1:1.00
A-GAZ-006,A,True,,,1.0,1.0,"single real topic (1), no noise chunks",1:1.00
A-GAZ-007,A,True,,,1.0,1.0,"single real topic (1), no noise chunks",1:1.00
A-GAZ-008,A,True,,,1.0,1.0,"single real topic (1), no noise chunks",1:1.00
A-STATE-001,A,True,,,1.0,1.0,"single real topic (1), no noise chunks",1:1.00
A-STATE-002,A,True,,,1.0,1.0,"single real topic (1), no noise chunks",1:1.00
A-STATE-003,A,True,,,1.0,1.0,"single real topic (1), no noise chunks",1:1.00
A-FDA-001,A,True,,,1.0,1.0,"single real topic (1), no noise chunks",1:1.00
A-FDA-002,A,True,,,1.0,1.0,"single real topic (1), no noise chunks",1:1.00
A-FDA-003,A,True,,,1.0,1.0,"single real topic (1), no noise chunks",1:1.00
A-FDA-004,A,True,,,1.0,1.0,"single real topic (1), no noise chunks",1:1.00
A-FDA-005,A,True,,,1.0,1.0,"single real topic (1), no noise chunks",1:1.00
A-FDA-006,A,True,,,1.0,1.0,"single real topic (1), no noise chunks",1:1.00
A-EUMOFA-001,A,True,,,1.0,1.0,"single real topic (1), no noise chunks",1:1.00
A-EFSA-001,A,True,,,1.0,1.0,"single real topic (1), no noise chunks",1:1.00
A-RASFF-001,D,False,,,,,no modeling units exist for this document (never chunked/embedded),
A-SANTE-001,A,True,,,1.0,1.0,"single real topic (1), no noise chunks",1:1.00
A-EUMOFA-002,A,True,,,1.0,1.0,"single real topic (1), no noise chunks",1:1.00
RCAC-001,D,False,,,,,no modeling units exist for this document (never chunked/embedded),
RCAC-002,D,False,,,,,no modeling units exist for this document (never chunked/embedded),
RCAC-003,D,False,,,,,no modeling units exist for this document (never chunked/embedded),
BRCGS-001,D,False,,,,,no modeling units exist for this document (never chunked/embedded),
GLOBALGAP-001,D,False,,,,,no modeling units exist for this document (never chunked/embedded),
ASC-001,D,False,,,,,no modeling units exist for this document (never chunked/embedded),
A-IEC-001,A,True,,,1.0,1.0,"single real topic (1), no noise chunks",1:1.00
A-IEC-002,A,True,,,1.0,1.0,"single real topic (1), no noise chunks",1:1.00
A-IEC-003,A,True,,,6.0,1.0,"single real topic (6), no noise chunks",6:1.00
A-IEC-004,A,True,,,6.0,1.0,"single real topic (6), no noise chunks",6:1.00
A-APEDA-100,A,True,,,5.0,1.0,"single real topic (5), no noise chunks",5:1.00
A-APEDA-101,C,False,,,,,100% Topic -1 (outlier) - topic model has no locus opinion for this document,-1:1.00
A-APEDA-102,C,False,,,,,100% Topic -1 (outlier) - topic model has no locus opinion for this document,-1:1.00
A-CSR-100,A,True,,,0.0,1.0,"single real topic (0), no noise chunks",0:1.00
A-CSR-101,A,True,,,0.0,1.0,"single real topic (0), no noise chunks",0:1.00
A-CSR-102,A,True,,,0.0,1.0,"single real topic (0), no noise chunks",0:1.00
A-DATA-100,C,False,,,,,100% Topic -1 (outlier) - topic model has no locus opinion for this document,-1:1.00
A-DATA-101,C,False,,,,,100% Topic -1 (outlier) - topic model has no locus opinion for this document,-1:1.00
A-DATA-102,C,False,,,,,100% Topic -1 (outlier) - topic model has no locus opinion for this document,-1:1.00
A-EUDR-100,A,True,,,0.0,1.0,"single real topic (0), no noise chunks",0:1.00
A-EUDR-101,A,True,,,10.0,1.0,"single real topic (10), no noise chunks",10:1.00
A-EUDR-102,A,True,,,0.0,1.0,"single real topic (0), no noise chunks",0:1.00
A-RES-100,A,True,,,0.0,1.0,"single real topic (0), no noise chunks",0:1.00
A-RES-101,A,True,,,0.0,1.0,"single real topic (0), no noise chunks",0:1.00
A-RES-102,A,True,,,0.0,1.0,"single real topic (0), no noise chunks",0:1.00
A-RES-103,A,True,,,1.0,1.0,"single real topic (1), no noise chunks",1:1.00
A-RES-104,A,True,,,0.0,1.0,"single real topic (0), no noise chunks",0:1.00
A-RES-105,A,True,,,0.0,1.0,"single real topic (0), no noise chunks",0:1.00
A-RES-106,A,True,,,0.0,1.0,"single real topic (0), no noise chunks",0:1.00
A-RES-107,A,True,,,0.0,1.0,"single real topic (0), no noise chunks",0:1.00
A-RES-108,A,True,,,0.0,1.0,"single real topic (0), no noise chunks",0:1.00
A-RES-109,A,True,,,0.0,1.0,"single real topic (0), no noise chunks",0:1.00
B-REDDIT-001,A,True,,,0.0,1.0,"single real topic (0), no noise chunks",0:1.00
B-REDDIT-002,D,False,,,,,no modeling units exist for this document (never chunked/embedded),
B-REDDIT-003,D,False,,,,,no modeling units exist for this document (never chunked/embedded),
B-YT-001,A,True,,,2.0,1.0,"single real topic (2), no noise chunks",2:1.00
B-YT-002,A,True,,,2.0,1.0,"single real topic (2), no noise chunks",2:1.00
B-YT-003,A,True,,,2.0,1.0,"single real topic (2), no noise chunks",2:1.00
B-YT-004,A,True,,,2.0,1.0,"single real topic (2), no noise chunks",2:1.00
B-YT-005,A,True,,,2.0,1.0,"single real topic (2), no noise chunks",2:1.00
B-YT-006,A,True,,,2.0,1.0,"single real topic (2), no noise chunks",2:1.00
B-YT-007,A,True,,,2.0,1.0,"single real topic (2), no noise chunks",2:1.00
B-YT-008,A,True,,,2.0,1.0,"single real topic (2), no noise chunks",2:1.00
B-YT-009,A,True,,,2.0,1.0,"single real topic (2), no noise chunks",2:1.00
B-YT-010,A,True,,,2.0,1.0,"single real topic (2), no noise chunks",2:1.00
B-YT-011,A,True,,,2.0,1.0,"single real topic (2), no noise chunks",2:1.00
B-YT-012,A,True,,,2.0,1.0,"single real topic (2), no noise chunks",2:1.00
B-YT-013,A,True,,,2.0,1.0,"single real topic (2), no noise chunks",2:1.00
B-YT-014,A,True,,,2.0,1.0,"single real topic (2), no noise chunks",2:1.00
B-YT-015,A,True,,,2.0,1.0,"single real topic (2), no noise chunks",2:1.00
B-YT-016,A,True,,,2.0,1.0,"single real topic (2), no noise chunks",2:1.00
B-YT-017,A,True,,,2.0,1.0,"single real topic (2), no noise chunks",2:1.00
B-YT-018,D,False,,,,,no modeling units exist for this document (never chunked/embedded),
B-YT-019,A,True,,,2.0,1.0,"single real topic (2), no noise chunks",2:1.00
B-YT-020,A,True,,,2.0,1.0,"single real topic (2), no noise chunks",2:1.00
B-YT-021,A,True,,,2.0,1.0,"single real topic (2), no noise chunks",2:1.00
B-YT-022,A,True,,,2.0,1.0,"single real topic (2), no noise chunks",2:1.00
B-YT-023,A,True,,,2.0,1.0,"single real topic (2), no noise chunks",2:1.00
B-YT-024,A,True,,,2.0,1.0,"single real topic (2), no noise chunks",2:1.00
B-YT-025,A,True,,,2.0,1.0,"single real topic (2), no noise chunks",2:1.00
B-YT-026,A,True,,,2.0,1.0,"single real topic (2), no noise chunks",2:1.00
B-YT-027,A,True,,,2.0,1.0,"single real topic (2), no noise chunks",2:1.00
B-YT-028,A,True,,,2.0,1.0,"single real topic (2), no noise chunks",2:1.00
B-YT-029,A,True,,,2.0,1.0,"single real topic (2), no noise chunks",2:1.00
B-YT-030,A,True,,,2.0,1.0,"single real topic (2), no noise chunks",2:1.00
B-YT-031,A,True,,,2.0,1.0,"single real topic (2), no noise chunks",2:1.00
B-YT-032,A,True,,,2.0,1.0,"single real topic (2), no noise chunks",2:1.00
B-YT-033,A,True,,,2.0,1.0,"single real topic (2), no noise chunks",2:1.00
B-YT-034,A,True,,,2.0,1.0,"single real topic (2), no noise chunks",2:1.00
B-YT-035,A,True,,,2.0,1.0,"single real topic (2), no noise chunks",2:1.00
B-YT-036,A,True,,,2.0,1.0,"single real topic (2), no noise chunks",2:1.00
B-YT-037,A,True,,,2.0,1.0,"single real topic (2), no noise chunks",2:1.00
B-YT-038,A,True,,,2.0,1.0,"single real topic (2), no noise chunks",2:1.00
B-YT-039,A,True,,,2.0,1.0,"single real topic (2), no noise chunks",2:1.00
B-GD-001,B,True,,,7.0,0.266,single real topic (7); noise chunks discarded from vote,-1:0.73;7:0.27
B-GD-002,B,True,,,12.0,0.409,single real topic (12); noise chunks discarded from vote,-1:0.59;12:0.41
B-GD-003,A,True,,,12.0,1.0,"single real topic (12), no noise chunks",12:1.00
B-GD-004,A,True,,,12.0,1.0,"single real topic (12), no noise chunks",12:1.00
B-GD-005,C,False,,,,,100% Topic -1 (outlier) - topic model has no locus opinion for this document,-1:1.00
B-GD-006,A,True,,,7.0,1.0,"single real topic (7), no noise chunks",7:1.00
B-GD-007,A,True,,,7.0,1.0,"single real topic (7), no noise chunks",7:1.00
B-GD-008,B,True,,,1.0,0.465,single real topic (1); noise chunks discarded from vote,-1:0.54;1:0.46
B-GD-009,B,True,,,7.0,0.709,single real topic (7); noise chunks discarded from vote,7:0.71;8:0.29
B-GD-010,A,True,,,12.0,1.0,"single real topic (12), no noise chunks",12:1.00
B-GD-011,A,True,,,7.0,1.0,"single real topic (7), no noise chunks",7:1.00
B-GD-012,A,True,,,12.0,1.0,"single real topic (12), no noise chunks",12:1.00
B-GD-013,A,True,,,12.0,1.0,"single real topic (12), no noise chunks",12:1.00
B-GD-014,A,True,,,7.0,1.0,"single real topic (7), no noise chunks",7:1.00
B-GD-015,A,True,,,7.0,1.0,"single real topic (7), no noise chunks",7:1.00
B-GD-016,A,True,,,7.0,1.0,"single real topic (7), no noise chunks",7:1.00
B-GD-017,C,False,,,,,100% Topic -1 (outlier) - topic model has no locus opinion for this document,9:1.00
B-GD-018,C,False,,,,,100% Topic -1 (outlier) - topic model has no locus opinion for this document,-1:1.00
B-GD-019,A,True,,,3.0,1.0,"single real topic (3), no noise chunks",3:1.00
B-GD-020,C,False,,,,,100% Topic -1 (outlier) - topic model has no locus opinion for this document,-1:1.00
B-GD-021,C,False,,,,,100% Topic -1 (outlier) - topic model has no locus opinion for this document,-1:1.00
B-GD-022,C,False,,,,,100% Topic -1 (outlier) - topic model has no locus opinion for this document,-1:1.00
B-GD-023,C,False,,,,,100% Topic -1 (outlier) - topic model has no locus opinion for this document,-1:0.84;8:0.16
B-GD-024,A,True,,,3.0,1.0,"single real topic (3), no noise chunks",3:1.00
B-GD-025,C,False,,,,,100% Topic -1 (outlier) - topic model has no locus opinion for this document,-1:1.00
B-GD-026,C,False,,,,,100% Topic -1 (outlier) - topic model has no locus opinion for this document,-1:1.00
B-GD-027,C,False,[HYPOTHESIS-REVIEW] nan,,4.0,0.577,"2 real topics present ([4, 5]) - no clean single winner",4:0.58;5:0.42
B-GD-028,C,False,,,,,100% Topic -1 (outlier) - topic model has no locus opinion for this document,8:1.00
B-GD-029,C,False,,,,,100% Topic -1 (outlier) - topic model has no locus opinion for this document,-1:0.51;8:0.49
B-GD-030,C,False,,,,,100% Topic -1 (outlier) - topic model has no locus opinion for this document,-1:0.57;9:0.43
B-GD-031,C,False,,,,,100% Topic -1 (outlier) - topic model has no locus opinion for this document,-1:1.00
B-GD-032,C,False,,,,,100% Topic -1 (outlier) - topic model has no locus opinion for this document,-1:0.57;9:0.43
B-GD-033,C,False,,,,,100% Topic -1 (outlier) - topic model has no locus opinion for this document,-1:0.55;9:0.45
B-GD-034,C,False,,,,,100% Topic -1 (outlier) - topic model has no locus opinion for this document,-1:1.00
B-GD-035,C,False,,,,,100% Topic -1 (outlier) - topic model has no locus opinion for this document,-1:1.00
B-GD-036,C,False,,,,,100% Topic -1 (outlier) - topic model has no locus opinion for this document,-1:1.00
B-GD-037,A,True,,,1.0,1.0,"single real topic (1), no noise chunks",1:1.00
B-GD-038,A,True,,,5.0,1.0,"single real topic (5), no noise chunks",5:1.00
B-GD-039,A,True,,,5.0,1.0,"single real topic (5), no noise chunks",5:1.00
B-GD-040,A,True,,,5.0,1.0,"single real topic (5), no noise chunks",5:1.00
B-GD-041,B,True,,,5.0,0.6,single real topic (5); noise chunks discarded from vote,5:0.60;8:0.40
B-GD-042,C,False,,,,,100% Topic -1 (outlier) - topic model has no locus opinion for this document,-1:1.00
B-GD-043,A,True,,,5.0,1.0,"single real topic (5), no noise chunks",5:1.00
B-GD-044,C,False,,,,,100% Topic -1 (outlier) - topic model has no locus opinion for this document,-1:1.00
B-GD-045,A,True,,,5.0,1.0,"single real topic (5), no noise chunks",5:1.00
B-GD-046,A,True,,,5.0,1.0,"single real topic (5), no noise chunks",5:1.00
B-GD-047,B,True,,,5.0,0.544,single real topic (5); noise chunks discarded from vote,5:0.54;-1:0.46
B-GD-048,A,True,,,5.0,1.0,"single real topic (5), no noise chunks",5:1.00
B-GD-049,A,True,,,5.0,1.0,"single real topic (5), no noise chunks",5:1.00
B-GD-050,A,True,,,5.0,1.0,"single real topic (5), no noise chunks",5:1.00
B-GD-051,A,True,,,5.0,1.0,"single real topic (5), no noise chunks",5:1.00
B-GD-052,B,True,,,5.0,0.751,single real topic (5); noise chunks discarded from vote,5:0.75;8:0.25
B-GD-053,A,True,,,4.0,1.0,"single real topic (4), no noise chunks",4:1.00
B-GD-054,C,False,,,,,100% Topic -1 (outlier) - topic model has no locus opinion for this document,9:1.00
B-GD-055,B,True,,,5.0,0.729,single real topic (5); noise chunks discarded from vote,5:0.73;-1:0.27
B-GD-056,A,True,,,3.0,1.0,"single real topic (3), no noise chunks",3:1.00
B-GD-057,A,True,,,3.0,1.0,"single real topic (3), no noise chunks",3:1.00
B-GD-058,A,True,,,3.0,1.0,"single real topic (3), no noise chunks",3:1.00
B-GD-059,A,True,,,3.0,1.0,"single real topic (3), no noise chunks",3:1.00
B-GD-060,A,True,,,3.0,1.0,"single real topic (3), no noise chunks",3:1.00
B-GD-061,A,True,,,3.0,1.0,"single real topic (3), no noise chunks",3:1.00
B-GD-062,C,False,,,,,100% Topic -1 (outlier) - topic model has no locus opinion for this document,8:1.00
B-GD-063,C,False,,,,,100% Topic -1 (outlier) - topic model has no locus opinion for this document,-1:1.00
B-GD-064,A,True,,,3.0,1.0,"single real topic (3), no noise chunks",3:1.00
B-GD-065,A,True,,,3.0,1.0,"single real topic (3), no noise chunks",3:1.00
B-GD-066,A,True,,,3.0,1.0,"single real topic (3), no noise chunks",3:1.00
B-GD-067,A,True,,,3.0,1.0,"single real topic (3), no noise chunks",3:1.00
B-GD-068,A,True,,,3.0,1.0,"single real topic (3), no noise chunks",3:1.00
B-GD-069,C,False,,,,,100% Topic -1 (outlier) - topic model has no locus opinion for this document,-1:0.63;8:0.37
B-GD-070,B,True,,,5.0,0.455,single real topic (5); noise chunks discarded from vote,-1:0.55;5:0.45
B-GD-071,B,True,,,3.0,0.78,single real topic (3); noise chunks discarded from vote,3:0.78;8:0.22
B-GD-072,B,True,,,4.0,0.581,single real topic (4); noise chunks discarded from vote,4:0.58;9:0.42
B-GD-073,B,True,,,4.0,0.573,single real topic (4); noise chunks discarded from vote,4:0.57;-1:0.43
B-GD-074,A,True,,,4.0,1.0,"single real topic (4), no noise chunks",4:1.00
B-GD-075,A,True,,,4.0,1.0,"single real topic (4), no noise chunks",4:1.00
B-GD-076,A,True,,,4.0,1.0,"single real topic (4), no noise chunks",4:1.00
B-GD-077,A,True,,,4.0,1.0,"single real topic (4), no noise chunks",4:1.00
B-GD-078,B,True,,,4.0,0.615,single real topic (4); noise chunks discarded from vote,4:0.61;9:0.39
B-GD-079,A,True,,,4.0,1.0,"single real topic (4), no noise chunks",4:1.00
B-GD-080,B,True,,,4.0,0.61,single real topic (4); noise chunks discarded from vote,4:0.61;-1:0.39
B-GD-081,A,True,,,4.0,1.0,"single real topic (4), no noise chunks",4:1.00
B-GD-082,B,True,,,4.0,0.632,single real topic (4); noise chunks discarded from vote,4:0.63;-1:0.37
B-GD-083,A,True,,,4.0,1.0,"single real topic (4), no noise chunks",4:1.00
B-GD-084,A,True,,,4.0,1.0,"single real topic (4), no noise chunks",4:1.00
B-GD-085,A,True,,,4.0,1.0,"single real topic (4), no noise chunks",4:1.00
B-GD-086,C,False,,,,,100% Topic -1 (outlier) - topic model has no locus opinion for this document,-1:1.00
B-GD-087,C,False,,,,,100% Topic -1 (outlier) - topic model has no locus opinion for this document,9:1.00
B-GD-088,A,True,,,4.0,1.0,"single real topic (4), no noise chunks",4:1.00
B-GD-089,B,True,,,1.0,0.78,single real topic (1); noise chunks discarded from vote,1:0.78;8:0.22
B-GD-090,B,True,,,7.0,0.528,single real topic (7); noise chunks discarded from vote,7:0.53;-1:0.47
B-GD-091,A,True,,,1.0,1.0,"single real topic (1), no noise chunks",1:1.00
B-GD-092,A,True,,,12.0,1.0,"single real topic (12), no noise chunks",12:1.00
B-GD-093,A,True,,,3.0,1.0,"single real topic (3), no noise chunks",3:1.00
B-GD-094,C,False,,,,,100% Topic -1 (outlier) - topic model has no locus opinion for this document,-1:1.00
B-GD-095,C,False,,,,,100% Topic -1 (outlier) - topic model has no locus opinion for this document,-1:1.00
B-GD-096,C,False,,,,,100% Topic -1 (outlier) - topic model has no locus opinion for this document,-1:1.00
B-GD-097,A,True,,,1.0,1.0,"single real topic (1), no noise chunks",1:1.00
B-GD-098,C,False,,,,,100% Topic -1 (outlier) - topic model has no locus opinion for this document,-1:0.68;8:0.32
B-GD-099,A,True,,,3.0,1.0,"single real topic (3), no noise chunks",3:1.00
B-GD-100,C,False,,,,,100% Topic -1 (outlier) - topic model has no locus opinion for this document,-1:0.86;8:0.14
B-GD-101,C,False,,,,,100% Topic -1 (outlier) - topic model has no locus opinion for this document,9:0.87;8:0.13
B-GD-102,C,False,,,,,100% Topic -1 (outlier) - topic model has no locus opinion for this document,8:1.00
B-GD-103,C,False,,,,,100% Topic -1 (outlier) - topic model has no locus opinion for this document,-1:1.00
B-GD-104,C,False,,,,,100% Topic -1 (outlier) - topic model has no locus opinion for this document,-1:0.71;9:0.29
B-GD-105,B,True,,,1.0,0.58,single real topic (1); noise chunks discarded from vote,1:0.58;8:0.42
B-GD-106,B,True,,,4.0,0.866,single real topic (4); noise chunks discarded from vote,4:0.87;9:0.13
B-GD-107,C,False,,,,,100% Topic -1 (outlier) - topic model has no locus opinion for this document,-1:1.00
B-GD-108,C,False,,,,,100% Topic -1 (outlier) - topic model has no locus opinion for this document,-1:0.74;8:0.26
